parish,county
Sallerup,Skåne
Ölmstad,Jönköpings
Å,Östergötlands
Abild,Hallands
Åby,Västra Götalands
Åby,Östergötlands
Åby,Kalmar
Acklinga,Skaraborgs
Ådals-Liden,Västernorrlands
Adelöv,Jönköpings
Adelsö,Stockholms
Adolf Fredrik,Stockholms
Aggarp,Skåne
Agnetorp,Skaraborgs
Agunnaryd,Kronobergs
Åhus,Kristianstads
Åkarp,Skåne
Akebäck,Gotlands
Åker,Södermanlands
Åker,Jönköpings
Åkerby,Uppsala
Ål,Dalarnas
Ala,Gotlands
Alanäs,Jämtlands
Åland,Uppsala
Alboga,Älvsborgs
Alböke,Kalmar
Älekulla,Älvsborgs
Ålem,Kalmar
Ale-Skövde,Älvsborgs
Alfshög,Hallands
Alfta,Gävleborgs
Älgå,Värmlands
Älgarås,Skaraborgs
Älgaryd,Jönköpings
Älghult,Kronobergs
Algutsboda,Kalmar
Algutsrum,Kalmar
Algutstorp,Älvsborgs
Ålidhem,Västerbottens
Alingsås,Älvsborgs
Alingsås landsförsamling,Älvsborgs
Alingsås reformerta,Älvsborgs
Älleköpinge,Kristianstads
Allerum,Skåne
Allhelgona,Östergötlands
Allmänna arbetsinrättningen,Stockholms
Allmänna försörjningsinrättningen,Stockholms
Allmänna institutet å Manilla för dövstumma och blinda,Stockholms
Allmänna straffängelset,Västra Götalands
Allmänna straff- och arbetsfängelset å Långholmen,Stockholms
Almby,Örebro
Älmeboda,Kronobergs
Almesåkra,Jönköpings
Älmhult,Kronobergs
Almundsryd,Kronobergs
Almunge,Uppsala
Alnö,Västernorrlands
Alseda,Jönköpings
Alsen,Jämtlands
Alsike,Uppsala
Alskog,Gotlands
Alstad,Skåne
Alster,Värmlands
Altuna,Uppsala
Alunda,Uppsala
Alva,Gotlands
Älvdal,Värmlands
Älvdalen,Dalarnas
Älvdalens kbfd,Dalarnas
Alvesta,Kronobergs
Älvestad,Östergötlands
Älvkarleby,Uppsala
Älvros,Jämtlands
Älvsåker,Hallands
Älvsbacka,Värmlands
Älvsborg,Västra Götalands
Älvsborgs kbfd,Västra Götalands
Älvsby,Norrbottens
Älvsered,Hallands
Åmål,Älvsborgs
Åmåls landsförsamling,Älvsborgs
Ambjörnarp,Älvsborgs
Amiralitetsförsamlingen,Blekinge
Amiralitetsförsamlingen på Ladugårdslandet,Stockholms
Amiralitetsvarvsförsamlingen,Västra Götalands
Ämmeskog,Värmlands
Amnehärad,Skaraborgs
Åmot,Gävleborgs
Amsberg,Dalarnas
Åmsele,Västerbottens
Åmsele kbfd,Västerbottens
Ämtervik,Värmlands
Anderslöv,Skåne
Anderstorp,Jönköpings
Anderstorps kbfd,Jönköpings
Andra gardesregementet,Stockholms
Andra Göta artilleriregemente,Jönköpings
Andrarum,Kristianstads
Aneboda,Kronobergs
Anga,Gotlands
Angarn,Stockholms
Ånge kbfd,Västernorrlands
Ängelholm,Kristianstads
Ängelholms garnisonsförsamling,Kristianstads
Angelstad,Kronobergs
Angerdshestra,Jönköpings
Angered,Västra Götalands
Ängersjö,Jämtlands
Ängsö,Västmanlands
Ånimskog,Älvsborgs
Annefors,Gävleborgs
Annelöv,Skåne
Annerstad,Kronobergs
Ånsta,Örebro
Anundsjö,Västernorrlands
Anundsjö kbfd,Västernorrlands
Äppelbo,Dalarnas
Appuna,Östergötlands
Åraslöv,Kristianstads
Araslöv,Kristianstads
Arbetsfängelset å Långholmen,Stockholms
Arbetsfängelset å Norrmalm,Stockholms
Arbets- och correctionsinrättningen,Västra Götalands
Arboga kbfd,Västmanlands
Arboga landsförsamling,Västmanlands
Arboga stadsförsamling,Västmanlands
Arbrå,Gävleborgs
Arby,Kalmar
Arby kapell,Kalmar
Årdala,Södermanlands
Ardre,Gotlands
Åre,Jämtlands
Ärentuna,Uppsala
Aringsås,Kronobergs
Ärja,Södermanlands
Arjeplog,Norrbottens
Arjeplogs kbfd,Norrbottens
Ärla,Södermanlands
Arnäs,Västernorrlands
Arnö,Uppsala
Aros,Uppsala
Arrie,Skåne
Årstad,Hallands
Årsta kbfd,Stockholms
Årsunda,Gävleborgs
Ärtemark,Älvsborgs
Artermark,Älvsborgs
Artilleriförsamlingen,Stockholms
Arvidsjaur,Norrbottens
Arvidsjaurs kbfd,Norrbottens
Arvika köping,Värmlands
Arvika östra,Värmlands
Arvika västra,Värmlands
Åryd,Blekinge
Ås,Hallands
Ås,Skaraborgs
Ås,Jämtlands
Ås,Jönköpings
Ås,Kalmar
Asa,Kronobergs
Åsarne,Jämtlands
Asarum,Blekinge
Åsbo,Östergötlands
Åsbräcka,Älvsborgs
Asby,Östergötlands
Åseda,Kronobergs
Åsele,Västerbottens
Åsenhöga,Jönköpings
Åsens kbfd,Dalarnas
Asige,Hallands
Ask,Skåne
Ask,Östergötlands
Askeby,Östergötlands
Asker,Örebro
Askersund,Örebro
Askersunds landsförsamling,Örebro
Askeryd,Jönköpings
Askim,Västra Götalands
Asklanda,Älvsborgs
Åskog,Värmlands
Askome,Hallands
Askum,Västra Götalands
Åsle,Skaraborgs
Asmundtorp,Skåne
Aspång,Västra Götalands
Aspås,Jämtlands
Aspeboda,Dalarnas
Äspered,Älvsborgs
Äsphult,Kristianstads
Äspinge,Skåne
Aspö,Blekinge
Äspö,Skåne
Aspö,Södermanlands
Atlingbo,Gotlands
Attmar,Västernorrlands
Åtvid,Östergötlands
Augerum,Blekinge
Ausås,Kristianstads
Avesta,Dalarnas
Axberg,Örebro
Bäck,Skaraborgs
Backa,Västra Götalands
Bäckaby,Jönköpings
Backaryd,Blekinge
Bäckaskog,Kristianstads
Bäcke,Älvsborgs
Bäckebo,Kalmar
Bäckseda,Jönköpings
Badene,Skaraborgs
Bäl,Gotlands
Bälaryd,Jönköpings
Baldringe,Skåne
Bälinge,Älvsborgs
Bälinge,Uppsala
Bälinge,Södermanlands
Balingsta,Uppsala
Balkåkra,Skåne
Bällefors,Skaraborgs
Balltorp,Skaraborgs
Baltak,Skaraborgs
Bankekind,Östergötlands
Bankeryd,Jönköpings
Bara,Skåne
Bara,Gotlands
Båraryd,Jönköpings
Bärbo,Södermanlands
Bäreberg,Skaraborgs
Bärfendal,Västra Götalands
Barkåkra,Kristianstads
Barkeryd,Jönköpings
Barlingbo,Gotlands
Barnarp,Jönköpings
Barne-Åsaka,Skaraborgs
Barnhusförsamlingen,Stockholms
Barsebäck,Skåne
Bårslöv,Skåne
Barva,Södermanlands
Båstad,Kristianstads
Bastorp,Skåne
Bastuträsks kbfd,Västerbottens
Bäve,Västra Götalands
Beateberg,Skaraborgs
Bellö,Jönköpings
Benestad,Kristianstads
Bengtsfors,Älvsborgs
Berg,Skaraborgs
Berg,Västmanlands
Berg,Jämtlands
Berg,Kronobergs
Berga,Skaraborgs
Berga,Kronobergs
Berga,Kalmar
Berghem,Älvsborgs
Bergshammar,Södermanlands
Bergsjö,Gävleborgs
Bergsjön,Västra Götalands
Bergsjöns kbfd,Västra Götalands
Bergstena,Älvsborgs
Bergum,Västra Götalands
Bergunda,Kronobergs
Bergvik,Gävleborgs
Bettna,Södermanlands
Billeberga,Skåne
Billinge,Skåne
Billingsfors bruksförsamling,Älvsborgs
Bingsjö-Dådran,Dalarnas
Binneberg,Skaraborgs
Biskopsgården,Västra Götalands
Biskopsgårdens kbfd,Västra Götalands
Biskopskulla,Uppsala
Bitterna,Skaraborgs
Bjälbo,Östergötlands
Bjällerup,Skåne
Bjärby,Skaraborgs
Bjäresjö,Skåne
Bjärka,Skaraborgs
Bjärklunda,Skaraborgs
Bjärshög,Skåne
Bjärtrå,Västernorrlands
Bjättlunda,Älvsborgs
Björka,Skåne
Björke,Gotlands
Björkeberg,Östergötlands
Björketorp,Västra Götalands
Björklinge,Uppsala
Björkö,Jönköpings
Björkö-Arholma,Stockholms
Björksele,Västerbottens
Björksele kbfd,Västerbottens
Björksta,Västmanlands
Björkvik,Södermanlands
Björlanda,Västra Götalands
Björna,Västernorrlands
Björnekulla,Kristianstads
Björnlunda,Södermanlands
Björsäter,Skaraborgs
Björsäter,Östergötlands
Björskog,Västmanlands
Bjuråker,Gävleborgs
Bjurbäck,Skaraborgs
Bjurholm,Västerbottens
Bjursås,Dalarnas
Bjurtjärn,Värmlands
Bjurum,Skaraborgs
Bjurum,Skaraborgs
Bjuv,Skåne
Blacksta,Södermanlands
Blackstad,Kalmar
Bladåker,Uppsala
Blädinge,Kronobergs
Blåvik,Östergötlands
Blentarp,Skåne
Blidö,Stockholms
Blidsberg,Älvsborgs
Blomskog,Värmlands
Bo,Örebro
Boda,Värmlands
Boda,Dalarnas
Böda,Kalmar
Bodafors kbfd,Jönköpings
Bodarp,Skåne
Bodens kbfd,Norrbottens
Bodsjö,Jämtlands
Bodum,Jämtlands
Boge,Gotlands
Bogen,Värmlands
Boglösa,Uppsala
Bogsta,Södermanlands
Bohusläns regemente,Västra Götalands
Böja,Skaraborgs
Bokenäs,Västra Götalands
Boliden,Västerbottens
Bolidens kbfd,Västerbottens
Bollebygd,Älvsborgs
Bollerup,Kristianstads
Bollnäs,Gävleborgs
Bolmsö,Kronobergs
Bolshög,Kristianstads
Bolstad,Älvsborgs
Bolum,Skaraborgs
Bolum,Skaraborgs
Bonderup,Skåne
Bondstorp,Jönköpings
Böne,Älvsborgs
Boo,Stockholms
Borås Caroli,Älvsborgs
Borås Gustav Adolf,Älvsborgs
Borga,Skaraborgs
Borgeby,Skåne
Borgerskapets änkhus,Stockholms
Borgholm,Kalmar
Borgsjö,Västernorrlands
Borgsjö kbfd,Västernorrlands
Borgstena,Älvsborgs
Borgunda,Skaraborgs
Borgvattnet,Jämtlands
Borgvik,Värmlands
Börje,Uppsala
Borlänge kbfd,Dalarnas
Borlunda,Skåne
Borrby,Kristianstads
Borrie,Skåne
Börringe,Skåne
Börrum,Östergötlands
Börstig,Skaraborgs
Börstil,Uppsala
Bosarp,Skåne
Bösarp,Skåne
Bosebo,Jönköpings
Bosjökloster,Skåne
Boteå,Västernorrlands
Boteå utom Gålsjö,Västernorrlands
Botilsäter,Värmlands
Botkyrka,Stockholms
Botkyrka kbfd,Stockholms
Bottna,Västra Götalands
Bottnaryd,Jönköpings
Bräcke,Jämtlands
Bräkne-Hoby,Blekinge
Brålanda,Älvsborgs
Brämaregården,Västra Götalands
Brämaregårdens kbfd,Västra Götalands
Brämhult,Älvsborgs
Brandstad,Skåne
Brandstorp,Skaraborgs
Brännkyrka,Stockholms
Brännkyrka kbfd,Stockholms
Brastad,Västra Götalands
Brätte,Älvsborgs
Bråttensby,Älvsborgs
Brattfors,Värmlands
Breared,Hallands
Bred,Uppsala
Bredared,Hallands
Bredared,Älvsborgs
Bredaryd,Jönköpings
Bredestad,Jönköpings
Bredsäter,Skaraborgs
Bredsätra,Kalmar
Brevens bruk,Örebro
Brevik,Skaraborgs
Bringetofta,Jönköpings
Brismene,Skaraborgs
Bro,Stockholms
Bro,Västra Götalands
Bro,Värmlands
Bro,Gotlands
Broby,Skaraborgs
Broby,Östergötlands
Broddarp,Älvsborgs
Broddetorp,Skaraborgs
Bromma,Skåne
Bromma,Stockholms
Bromma kbfd,Stockholms
Brönnestad,Kristianstads
Brösarp,Kristianstads
Brunflo,Jämtlands
Brunn,Älvsborgs
Brunnby,Skåne
Brunneby,Östergötlands
Brunnhem,Skaraborgs
Brunskog,Värmlands
Brunskogs östra kbfd,Värmlands
Brunskogs västra kbfd,Värmlands
Bunge,Gotlands
Bunkeflo,Skåne
Bureå,Västerbottens
Burlöv,Skåne
Burs,Gotlands
Burseryd,Jönköpings
Burträsk,Västerbottens
Buttle,Gotlands
By,Värmlands
By,Dalarnas
Byarum,Jönköpings
Bygdeå,Västerbottens
Bygdeå kbfd,Västerbottens
By kbfd,Dalarnas
Byske,Västerbottens
Correctionsinrättningen,Västra Götalands
Correctionsinrättningen,Stockholms
Dädesjö,Kronobergs
Dådran,Dalarnas
Dagsås,Hallands
Dagsberg,Östergötlands
Dagstorp,Skåne
Dal,Västernorrlands
Dala,Skaraborgs
Dalarö,Stockholms
Dalarö skans,Stockholms
Dalby,Skåne
Dalby,Värmlands
Dalby,Uppsala
Dalhem,Kalmar
Dalhem,Gotlands
Dalköpinge,Skåne
Dalsby fjärding,Dalarnas
Dals-Ed,Älvsborgs
Dalskog,Älvsborgs
Dalstorp,Älvsborgs
Dalum,Älvsborgs
Danderyd,Stockholms
Danmark,Uppsala
Dannäs,Jönköpings
Dannemora,Uppsala
Dannike,Älvsborgs
Dänningelanda,Kronobergs
Danviks hospital och Sicklaö,Stockholms
Daretorp,Skaraborgs
Degeberga,Kristianstads
Degerfors,Örebro
Degerfors kbfd,Västerbottens
Delsbo,Gävleborgs
Dikanäs kbfd,Västerbottens
Dillnäs,Södermanlands
Dimbo,Skaraborgs
Dingtuna,Västmanlands
Djura,Dalarnas
Djurgårdens landsförsamling,Stockholms
Djurö,Stockholms
Djurröd,Kristianstads
Djursdala,Kalmar
Djursholm,Stockholms
Döderhult,Kalmar
Döderhults kbfd,Kalmar
Domkyrkoförsamlingen i Göteborg eller Gustavi och Kristine,Västra Götalands
Dörarp,Kronobergs
Dörby,Kalmar
Dorotea,Västerbottens
Döve,Skaraborgs
Dragsmark,Västra Götalands
Drängsered,Hallands
Drev,Kronobergs
Drothem,Östergötlands
Dunker,Södermanlands
Dvärstorp,Skaraborgs
Dylta bruksförsamling,Örebro
Ed,Stockholms
Ed,Värmlands
Ed,Västernorrlands
Ed,Kalmar
Eda,Värmlands
Eda norra kbfd,Värmlands
Edåsa,Skaraborgs
Eda södra kbfd,Värmlands
Edebo,Stockholms
Edefors,Norrbottens
Edestad,Blekinge
Edhem,Skaraborgs
Edsberg,Örebro
Edsbro,Stockholms
Edsele,Västernorrlands
Edshult,Jönköpings
Edsleskog,Älvsborgs
Edsvära,Skaraborgs
Edum,Skaraborgs
Eftra,Hallands
Egby,Kalmar
Eggby,Skaraborgs
Eggvena,Älvsborgs
Ek,Skaraborgs
Ekby,Skaraborgs
Eke,Kronobergs
Eke,Gotlands
Ekeberga,Kronobergs
Ekeby,Skåne
Ekeby,Örebro
Ekeby,Uppsala
Ekeby,Östergötlands
Ekeby,Gotlands
Ekebyborna,Östergötlands
Ekeby norra kbfd,Östergötlands
Ekeby södra kbfd,Östergötlands
Eker,Örebro
Ekerö,Stockholms
Ekeskog,Skaraborgs
Ekshärad,Värmlands
Eksjö,Jönköpings
Eksjö landsförsamling,Jönköpings
Eksjö stadsförsamling,Jönköpings
Eksta,Gotlands
Eldsberga,Hallands
Elin,Skaraborgs
Eling,Skaraborgs
Elinghem,Gotlands
Eljaröd,Kristianstads
Elleholm,Blekinge
Emmaboda,Kalmar
Emmislöv,Kristianstads
Emtervik,Värmlands
Enåker,Västmanlands
Enånger,Gävleborgs
Enåsa,Skaraborgs
Endre,Gotlands
Engelbrekt,Stockholms
Engelsk-episkopala,Stockholms
Enhörna,Stockholms
Enköping,Uppsala
Enköpings-Näs,Uppsala
Enskede,Stockholms
Enslöv,Hallands
Enviken,Dalarnas
Eriksberg,Älvsborgs
Eriksfält,Skåne
Erikstad,Älvsborgs
Eringsboda,Blekinge
Erska,Älvsborgs
Erstavik,Stockholms
Ervalla,Örebro
Esarp,Skåne
Eskelhem,Gotlands
Eskilsäter,Värmlands
Eskilstorp,Skåne
Eskilstuna,Södermanlands
Eskilstuna Fors,Södermanlands
Eskilstuna Kloster,Södermanlands
Eslöv,Skåne
Eslövs kbfd,Skåne
Essinge,Stockholms
Essunga,Skaraborgs
Estuna,Stockholms
Etelhem,Gotlands
Ettak,Skaraborgs
Everlöv,Skåne
Everöd,Kristianstads
Evertsbergs kbfd,Dalarnas
Fågelås,Skaraborgs
Fågelfors,Kalmar
Fågelö,Skaraborgs
Fågeltofta,Kristianstads
Fagered,Hallands
Fagerhult,Kalmar
Fagerlid,Skaraborgs
Fåglum,Skaraborgs
Fägre,Skaraborgs
Falekvarna,Skaraborgs
Falkenberg,Hallands
Falköping,Skaraborgs
Falköpings landsförsamling,Skaraborgs
Fällfors,Västerbottens
Falsterbo,Skåne
Falsterbo tyska,Skåne
Fälttelegrafkåren,Stockholms
Falu Kristine,Dalarnas
Fänneslunda,Älvsborgs
Fardhem,Gotlands
Färed,Skaraborgs
Färentuna,Stockholms
Färgaryd,Hallands
Färgelanda,Älvsborgs
Farhult,Skåne
Färila,Gävleborgs
Faringe,Uppsala
Färingtofta,Kristianstads
Färlöv,Kristianstads
Färnebo,Värmlands
Fårö,Gotlands
Farsta,Stockholms
Farstorp,Kristianstads
Fässberg,Västra Götalands
Fasta,Stockholms
Fasterna,Stockholms
Fattighusförsamlingen,Västra Götalands
Felestad,Skåne
Fellingsbro,Örebro
Fellingsbro norra,Örebro
Femsjö,Hallands
Fide,Gotlands
Filborna,Skåne
Filipstad,Värmlands
Filkestad,Kristianstads
Film,Uppsala
Fimmerstad,Skaraborgs
Finja,Kristianstads
Finnekumla,Älvsborgs
Finnerödja,Örebro
Finnskoga,Värmlands
Finska,Stockholms
Finska gardesregementet,Stockholms
Finspångs kbfd,Östergötlands
Fiskebäck,Skaraborgs
Fiskebäckskil,Västra Götalands
Fittja,Uppsala
Fivelstad,Östergötlands
Fivlered,Skaraborgs
Fjälkestad,Kristianstads
Fjälkinge,Kristianstads
Fjällbacka kbfd,Västra Götalands
Fjällsjö,Jämtlands
Fjärås,Hallands
Fjärestad,Skåne
Fjelie,Skåne
Fjelkestad med Råbelöv,Kristianstads
Flackarp,Skåne
Fläckebo,Västmanlands
Flädie,Skåne
Flakeberg,Skaraborgs
Flemingsberg,Stockholms
Flen,Södermanlands
Fleninge,Skåne
Fleringe,Gotlands
Flisby,Jönköpings
Fliseryd,Kalmar
Flistad,Skaraborgs
Flistad,Östergötlands
Flittorp,Skaraborgs
Flo,Skaraborgs
Floby,Skaraborgs
Floda,Dalarnas
Floda,Södermanlands
Flyinge,Skåne
Flymen,Blekinge
Fogdö,Södermanlands
Fole,Gotlands
Fölene,Älvsborgs
Folkärna,Dalarnas
Folkärna kbfd,Dalarnas
Follingbo,Gotlands
Föllinge,Jämtlands
Föra,Kalmar
Förkärla,Blekinge
Förlanda,Hallands
Förlösa,Kalmar
Fornåsa,Östergötlands
Fors,Älvsborgs
Fors,Jämtlands
Forsa,Gävleborgs
Forsby,Skaraborgs
Forserum,Jönköpings
Forshaga,Värmlands
Forshälla,Västra Götalands
Forsheda,Jönköpings
Forshem,Skaraborgs
Förslöv,Kristianstads
Forsmark,Uppsala
Forssa,Södermanlands
Första artilleriregementet,Stockholms
Första Svea artilleriregemente,Stockholms
Fosie,Skåne
Foss,Västra Götalands
Fotskäl,Älvsborgs
Främmestad,Skaraborgs
Frändefors,Älvsborgs
Fränninge,Skåne
Fransk-katolska,Stockholms
Fransk-lutherska,Stockholms
Fransk-reformerta,Stockholms
Fredrika,Västerbottens
Fredsberg,Skaraborgs
Fresta,Stockholms
Fridene,Skaraborgs
Fridhem,Skaraborgs
Fridhem,Kalmar
Fridlevstad,Blekinge
Friel,Skaraborgs
Friggeråker,Skaraborgs
Frillesås,Hallands
Frillestad,Skåne
Frimurarebarnhuset,Stockholms
Frinnaryd,Jönköpings
Frisholmens kastellförsamling,Blekinge
Fristad,Älvsborgs
Fritsla,Älvsborgs
Fröderyd,Jönköpings
Frödinge,Kalmar
Fröjel,Gotlands
Fröjered,Skaraborgs
Frök,Västernorrlands
Fröskog,Älvsborgs
Fröslunda,Uppsala
Frösö,Jämtlands
Frösthult,Uppsala
Frostviken,Jämtlands
Frostvikens lappförsamling,Jämtlands
Frösunda,Stockholms
Frösve,Skaraborgs
Frötuna,Stockholms
Fru Alstad,Skåne
Frustuna-Kattnäs,Södermanlands
Fryele,Jönköpings
Frykerud,Värmlands
Fryksände,Värmlands
Fuglie,Skåne
Fullestad,Älvsborgs
Fullösa,Skaraborgs
Fulltofta,Skåne
Funbo,Uppsala
Furby,Västmanlands
Furingstad,Östergötlands
Furuby,Kronobergs
Fuxerna,Älvsborgs
Fyrunga,Skaraborgs
Gagnef,Dalarnas
Gäldstugan och stadens häkten,Stockholms
Gällared,Hallands
Gällaryd,Jönköpings
Gällersta,Örebro
Gällinge,Hallands
Gällivare,Norrbottens
Gällivare kbfd,Norrbottens
Gällstad,Älvsborgs
Gålsjö,Västernorrlands
Galtströms bruksförsamling,Västernorrlands
Gamla Uppsala,Uppsala
Gamleby,Kalmar
Gamlestads kbfd,Västra Götalands
Gammalkil,Östergötlands
Gammalstorp,Blekinge
Gammelgarn,Gotlands
Gann,Gotlands
Ganthem,Gotlands
Gärarp,Kristianstads
Gårdby,Kalmar
Garde,Gotlands
Gårdeby,Östergötlands
Gärdhem,Älvsborgs
Gårdsby,Kronobergs
Gärdserum,Östergötlands
Gärdslösa,Kalmar
Gärdslöv,Skåne
Gårdstånga,Skåne
Gårdveda,Kalmar
Gårdveda kbfd,Kalmar
Gargnäs,Västerbottens
Gargnäs kbfd,Västerbottens
Garn,Stockholms
Garn,Gotlands
Garpenberg,Dalarnas
Gärsnäs,Kristianstads
Gåsborn,Värmlands
Gåsinge-Dillnäs,Södermanlands
Gävle Heliga Trefaldighet,Gävleborgs
Gävle hospitalsförsamling,Gävleborgs
Gävle Maria,Gävleborgs
Gävle romersk-katolska,Gävleborgs
Gävle Staffan,Gävleborgs
Gävle Tomas,Gävleborgs
Gåxsjö,Jämtlands
Genarp,Skåne
Genneved,Älvsborgs
Gerum,Gotlands
Gesäter,Älvsborgs
Gessie,Skåne
Gestad,Älvsborgs
Getinge,Hallands
Gideå,Västernorrlands
Gillberga,Värmlands
Gillberga,Södermanlands
Gillhov,Jämtlands
Gillstad,Skaraborgs
Gingri,Älvsborgs
Giresta,Uppsala
Gislaved,Jönköpings
Gislöv,Skåne
Gistad,Östergötlands
Gladhammar,Kalmar
Gladsax,Kristianstads
Glanshammar,Örebro
Glava,Värmlands
Glemminge,Skåne
Glimåkra,Kristianstads
Glommersträsks kbfd,Norrbottens
Glömminge,Kalmar
Glostorp,Skåne
Glumslöv,Skåne
Gnarp,Gävleborgs
Gnosjö,Jönköpings
Godegård,Östergötlands
Gödelöv,Skåne
Gödestad,Hallands
Gökhem,Skaraborgs
Görslöv,Skåne
Gösslunda,Skaraborgs
Göta gardesregemente,Stockholms
Göta livgarde,Stockholms
Götalunden,Älvsborgs
Göteborgs Annedal,Västra Götalands
Göteborgs engelska,Västra Götalands
Göteborgs fattighusförsamling,Västra Götalands
Göteborgs garnisonsförsamling,Västra Götalands
Göteborgs Haga,Västra Götalands
Göteborgs Johanneberg,Västra Götalands
Göteborgs Karl Johan,Västra Götalands
Göteborgs katolska,Västra Götalands
Göteborgs Kristine,Västra Götalands
Göteborgs lutherska,Västra Götalands
Göteborgs Masthugg,Västra Götalands
Göteborgs mosaiska,Västra Götalands
Göteborgs Oskar Fredrik,Västra Götalands
Göteborgs reformerta,Västra Götalands
Göteborgs Sankt Pauli,Västra Götalands
Göteborgs spinnhusförsamling,Västra Götalands
Göteborgs Tyska,Västra Götalands
Göteborgs Vasa,Västra Götalands
Götene,Skaraborgs
Göteryd,Kronobergs
Göteve,Skaraborgs
Gothem,Gotlands
Götlunda,Skaraborgs
Götlunda,Västmanlands
Gottröra,Stockholms
Gottsunda,Uppsala
Gran,Uppsala
Grangärde,Dalarnas
Grängesberg,Dalarnas
Grängesberg-Hörkens kapellag,Dalarnas
Granhult,Kronobergs
Graninge,Västernorrlands
Gränna,Jönköpings
Gränna landsförsamling,Jönköpings
Gräsgård,Kalmar
Gräsmark,Värmlands
Gräsö,Uppsala
Grästorp i Tengene,Skaraborgs
Grava,Värmlands
Gräve,Örebro
Grebbestads kyrkoområde,Västra Götalands
Grebo,Östergötlands
Grenadjärbataljonen,Stockholms
Grevbäck,Skaraborgs
Grevie,Kristianstads
Grimeton,Hallands
Grimmared,Hallands
Grinneröd,Västra Götalands
Grinstad,Älvsborgs
Grödinge,Stockholms
Grolanda,Skaraborgs
Grönahög,Älvsborgs
Grönby,Skåne
Grötlingbo,Gotlands
Grovare,Älvsborgs
Grude,Älvsborgs
Grums,Värmlands
Grundsund,Västra Götalands
Grundsunda,Västernorrlands
Grycksbo kbfd,Dalarnas
Gryt,Kristianstads
Gryt,Södermanlands
Gryt,Östergötlands
Gryta,Uppsala
Gryteryd,Jönköpings
Grythyttan,Örebro
Grytnäs,Dalarnas
Gualöv,Kristianstads
Gudhem,Skaraborgs
Gudmundrå,Västernorrlands
Gudmuntorp,Skåne
Guldrupe,Gotlands
Guldsmedshyttan,Örebro
Gullabo,Kalmar
Gullarp,Skåne
Gullered,Älvsborgs
Gullholmen,Västra Götalands
Gumlösa,Kristianstads
Gunnared,Västra Götalands
Gunnarp,Hallands
Gunnarsbyn,Norrbottens
Gunnarsjö,Hallands
Gunnarskog,Värmlands
Gunnarsnäs,Älvsborgs
Gunnilbo,Västmanlands
Gustafs,Dalarnas
Gustav Adolf,Kristianstads
Gustav Adolf,Skaraborgs
Gustav Adolf,Värmlands
Gustav Adolf,Västernorrlands
Gustavsberg,Stockholms
Gustav Vasa,Stockholms
Gusums kbfd,Östergötlands
Gylle,Skåne
Gyllenfors kbfd,Jönköpings
hablingbo,Gotlands
habo,Skaraborgs
håbol,Älvsborgs
håbo-tibble,Stockholms
håby,Västra Götalands
hackås,Jämtlands
hacksta,Uppsala
håcksvik,Älvsborgs
hackvad,Örebro
haga,Västra Götalands
haga,Stockholms
hagby,Uppsala
hagby,Kalmar
hagebyhöga,Östergötlands
hagelberg,Skaraborgs
hägerstad,Östergötlands
hägersten,Stockholms
hägerstens östra kbfd,Stockholms
hägerstens västra kbfd,Stockholms
hagfors,Värmlands
häggdånger,Västernorrlands
häggeby,Uppsala
häggenäs,Skaraborgs
häggenås,Jämtlands
häggesled,Skaraborgs
häggum,Skaraborgs
häglinge,Kristianstads
hagrida,Jönköpings
hagshult,Jönköpings
hajom,Älvsborgs
håkantorp,Skaraborgs
hakarp,Jönköpings
hakkas,Norrbottens
hakkas kbfd,Norrbottens
hålanda,Älvsborgs
håle,Skaraborgs
håle-täng,Skaraborgs
hall,Gotlands
halla,Södermanlands
halla,Gotlands
hallaröd,Skåne
hällaryd,Blekinge
hallaryd,Kronobergs
hallby,Älvsborgs
hällby,Södermanlands
hälleberga,Kalmar
hällefors,Örebro
hallen,Jämtlands
hällesjö,Jämtlands
hällestad,Skåne
hällestad,Skaraborgs
hällestad,Östergötlands
hallingeberg,Kalmar
hallingebergs norra kbfd,Kalmar
hallingebergs södra kbfd,Kalmar
hållnäs,Uppsala
hallsberg,Örebro
hallsjö,Kronobergs
hällstad,Älvsborgs
hallstahammar,Västmanlands
halltorp,Kalmar
hällum,Skaraborgs
halmstad,Skåne
halmstad,Hallands
halmstads mosaiska,Hallands
halna,Skaraborgs
hälsingborg,Skåne
hälsingborgs garnisonsförsamling,Skåne
hälsingborgs gustav adolf,Skåne
hälsingborgs landsförsamling,Skåne
hälsingborgs maria,Skåne
hälsingborgs stadsförsamling,Skåne
hälsingtuna,Gävleborgs
hålta,Västra Götalands
halvås,Skaraborgs
hammar,Skåne
hammar,Örebro
hammarby,Stockholms
hammarby,Södermanlands
hammarlöv,Skåne
hammarlunda,Skåne
hammarö,Värmlands
hammarö kbfd,Värmlands
hammenhög,Kristianstads
hammerdal,Jämtlands
hamneda,Kronobergs
hamra,Gävleborgs
hamra,Gotlands
hamrånge,Gävleborgs
händene,Skaraborgs
hanebo,Gävleborgs
hangelösa,Skaraborgs
hånger,Skaraborgs
hånger,Jönköpings
hångsdala,Skaraborgs
hangvar,Gotlands
hanhals,Hallands
hannas,Kristianstads
hannäs,Östergötlands
hans,Gotlands
haparanda kbfd,Norrbottens
hara,Västmanlands
hara,Västmanlands
härad,Södermanlands
häradshammar,Östergötlands
haraker,Västmanlands
härberga,Östergötlands
harbo,Västmanlands
hardeberga,Skåne
hardemo,Örebro
härene,Älvsborgs
härene,Skaraborgs
harestad,Västra Götalands
harg,Uppsala
harg,Östergötlands
harg,Östergötlands
härja,Skaraborgs
härjevad,Skaraborgs
härkeberga,Uppsala
härlanda,Västra Götalands
harlösa,Skåne
härlöv,Kronobergs
härlunda,Skaraborgs
härlunda,Kronobergs
harmånger,Gävleborgs
härna,Älvsborgs
härnevi,Uppsala
härnö,Västernorrlands
härnösand,Västernorrlands
härnösands domkyrkoförsamling,Västernorrlands
härnösands hospitalsförsamling,Västernorrlands
harplinge,Hallands
harrie,Skåne
härryda,Västra Götalands
härslöv,Skåne
harstad,Östergötlands
håsjö,Jämtlands
håslöv,Skåne
hassela,Gävleborgs
hässelby,Stockholms
hässelby kbfd,Stockholms
hässelskog,Älvsborgs
hässjö,Västernorrlands
hassle,Skaraborgs
hassle-bösarp,Skåne
hässleby,Jönköpings
hässleholm,Kristianstads
hasslö,Blekinge
hasslösa,Skaraborgs
hasslöv,Hallands
hässlunda,Skåne
håstad,Skåne
hästholmen,Östergötlands
hästveda,Kristianstads
håtuna,Stockholms
haurida,Jönköpings
havdhem,Gotlands
häverö,Stockholms
haverö,Västernorrlands
hed,Västmanlands
heda,Östergötlands
hedane,Värmlands
hedared,Älvsborgs
heddinge,Skåne
hede,Västra Götalands
hede,Jämtlands
hede lappförsamling,Jämtlands
hedemora,Dalarnas
hedemora landsförsamling,Dalarnas
hedemora stadsförsamling,Dalarnas
heden,Norrbottens
hedeskoga,Skåne
hedesunda,Gävleborgs
hedvig,Östergötlands
hedvig eleonora,Stockholms
hedvig eleonora fattighus,Stockholms
hejde,Gotlands
hejdeby,Gotlands
hejnum,Gotlands
helgarö,Södermanlands
helga trefaldighet,Uppsala
helgesta,Södermanlands
helgona,Södermanlands
helgona,Östergötlands
helgum,Västernorrlands
heliga korset,Kalmar
heliga trefaldighet,Kristianstads
heliga trefaldighet,Gävleborgs
heliga trefaldighet,Uppsala
heligestad,Skaraborgs
heligkors,Skåne
hellvi,Gotlands
helne,Skåne
helsingborg,Skåne
helsingborgs garnisonsförsamling,Skåne
helsingborgs gustav adolf,Skåne
helsingborgs landsförsamling,Skåne
helsingborgs maria,Skåne
helsingborgs stadsförsamling,Skåne
hemmesdynge,Skåne
hemmesjö,Kronobergs
hemmesjö med tegnaby,Kronobergs
hemse,Gotlands
hemsjö,Älvsborgs
hemsö,Västernorrlands
herkulsberga,Uppsala
herråkra,Kronobergs
herrberga,Östergötlands
herrestad,Kristianstads
herrestad,Skåne
herrestad,Västra Götalands
herrestad,Östergötlands
herrljunga,Älvsborgs
hesselskog,Älvsborgs
hestra,Jönköpings
hidinge,Örebro
hietaniemi,Norrbottens
hillared,Älvsborgs
hille,Gävleborgs
hilleshög,Stockholms
himmeta,Västmanlands
hinneryd,Kronobergs
hishult,Hallands
hjälmseryd,Jönköpings
hjälsjöås,Jämtlands
hjälsta,Uppsala
hjälstad,Skaraborgs
hjälstaholms pastorat,Uppsala
hjärnarp,Kristianstads
hjärnskog,Värmlands
hjärpås,Skaraborgs
hjärsås,Kristianstads
hjärtlanda,Jönköpings
hjärtum,Älvsborgs
hjellby,Älvsborgs
hjo,Skaraborgs
hjo landsförsamling,Skaraborgs
hjorted,Kalmar
hjortsberga,Blekinge
hjortsberga,Kronobergs
hjortsberga med kvenneberga,Kronobergs
hjortsberga och kvenneberga,Kronobergs
hjo stadsförsamling,Skaraborgs
hjulsjö,Örebro
hoby,Blekinge
hoby,Kristianstads
hoby,Skåne
hofors,Gävleborgs
hofterup,Skåne
hög,Skåne
hög,Gävleborgs
högalid,Stockholms
höganäs,Skåne
högås,Västra Götalands
högbo,Gävleborgs
högby,Östergötlands
högby,Kalmar
hogdal,Västra Götalands
hogdal,Jämtlands
högerud,Värmlands
högestad,Skåne
hogrän,Gotlands
högsäter,Älvsborgs
högsbo,Västra Götalands
högsby,Kalmar
högseröd,Skåne
högsjö,Västernorrlands
högsrum,Kalmar
hogstad,Östergötlands
högstena,Skaraborgs
höj,Skåne
höja,Kristianstads
hökeshara,Värmlands
hökhuvud,Uppsala
hököpinge,Skåne
hol,Älvsborgs
holländsk-reformerta,Stockholms
holm,Hallands
holm,Älvsborgs
holm,Västernorrlands
holm,Uppsala
holma,Skaraborgs
holmby,Skåne
holmedal,Värmlands
holmestad,Skaraborgs
holmkyrkan eller holmförsamlingen,Stockholms
holmön,Västerbottens
holmsund,Västerbottens
hölö,Stockholms
holsljunga,Älvsborgs
hömb,Skaraborgs
höör,Skåne
hör,Skåne
höra,Skaraborgs
hörby,Skåne
höreda,Jönköpings
hörene,Skaraborgs
hörja,Kristianstads
hörken,Örebro
hörkens kbfd,Örebro
horla,Älvsborgs
horn,Skaraborgs
horn,Östergötlands
hornaryd,Kronobergs
hornborga,Skaraborgs
horndals kbfd,Dalarnas
hörnefors,Västerbottens
hörnefors-strömbäcks bruksförsamling,Västerbottens
horred,Älvsborgs
hörröd,Kristianstads
hörsne,Gotlands
hörsne med bara,Gotlands
hortlax,Norrbottens
hörtofta,Skåne
hörup,Skåne
hosjö,Dalarnas
hospitalsförsamlingen,Västra Götalands
hossmo,Kalmar
hössna,Älvsborgs
hotagen,Jämtlands
hotagens lappförsamling,Jämtlands
hov,Kristianstads
hov,Älvsborgs
hov,Östergötlands
hova,Skaraborgs
hovby,Kristianstads
hovby,Skaraborgs
hovförsamlingen,Stockholms
hovmantorp,Kronobergs
hovmantorps kbfd,Kronobergs
hovsta,Örebro
huaröd,Kristianstads
hubbo,Västmanlands
huddinge,Stockholms
huddunge,Västmanlands
hudene,Älvsborgs
hudiksvall,Gävleborgs
huggenäs,Värmlands
hulared,Älvsborgs
hullsjö,Älvsborgs
hult,Jönköpings
hulterstad,Kalmar
hultsfred,Kalmar
hultsfreds kbfd,Kalmar
hultsjö,Jönköpings
humla,Älvsborgs
humlarp,Kristianstads
hunnebostrand,Västra Götalands
hunnekulla,Skaraborgs
hunnestad,Hallands
hurud,Värmlands
hurva,Skåne
huså bruks kapellförsamling,Jämtlands
husaby,Skaraborgs
husaby-ärnavi,Uppsala
husaby aspö,Södermanlands
husaby enhörna,Stockholms
husaby gismark,Uppsala
husabytrögd,Uppsala
husby,Stockholms
husby,Stockholms
husby,Dalarnas
husby,Uppsala
husby,Uppsala
husby,Södermanlands
husby,Södermanlands
husby,Östergötlands
husby,Östergötlands
husby-ärlinghundra,Stockholms
husby-aspvid,Östergötlands
husby byringe,Södermanlands
husby kbfd,Dalarnas
husby-långhundra,Uppsala
husby-lyhundra,Stockholms
husby-oppunda,Södermanlands
husby-rekarne,Södermanlands
husby-sjuhundra,Stockholms
husby-sjutolft,Uppsala
husie,Skåne
huskvarna,Jönköpings
hyby,Skåne
hycklinge,Östergötlands
hylletofta,Jönköpings
hyllie,Skåne
hyltinge,Södermanlands
hyringa,Skaraborgs
hyssna,Älvsborgs
Idala,Hallands
Idenor,Gävleborgs
Idre,Dalarnas
Igelösa,Skåne
Igelsered,Älvsborgs
Ignaberga,Kristianstads
Ilsbo,Gävleborgs
Ilstorp,Skåne
Indal,Västernorrlands
Ingared,Älvsborgs
Ingarö,Stockholms
Ingatorp,Jönköpings
Ingelstad,Kronobergs
Ingelstorp,Skåne
Invalidkåren på Ulriksdal,Stockholms
Irsta,Västmanlands
Istorp,Älvsborgs
Istrum,Skaraborgs
Ivetofta,Kristianstads
Ivö,Kristianstads
Jäder,Södermanlands
Jakob,Stockholms
Jäla,Skaraborgs
Jällby,Älvsborgs
Jälluntofta,Hallands
Jämjö,Blekinge
Jämshög,Blekinge
Jämshögs kbfd,Blekinge
Jära,Jönköpings
Järbo,Älvsborgs
Järbo,Gävleborgs
Järeda,Kalmar
Järfälla,Stockholms
Järfälla norra kbfd,Stockholms
Järfälla södra kbfd,Stockholms
Järlåsa,Uppsala
Järn,Älvsborgs
Järna,Stockholms
Järna,Dalarnas
Järna kbfd,Dalarnas
Järnboås,Örebro
Järnskog,Värmlands
Järpås,Skaraborgs
Järrestad,Kristianstads
Järsnäs,Jönköpings
Järstad,Östergötlands
Järstorp,Jönköpings
Järvsö,Gävleborgs
Jät,Kronobergs
Jättendal,Gävleborgs
Johannes,Stockholms
Jokkmokk,Norrbottens
Jokkmokks kbfd,Norrbottens
Jönköpings hospitalsförsamling,Jönköpings
Jönköpings Kristina,Jönköpings
Jönköpings Sofia,Jönköpings
Jonsberg,Östergötlands
Jonsereds kbfd,Västra Götalands
Jonstorp,Skåne
Jörlanda,Västra Götalands
Jörn,Västerbottens
Jörns östra kbfd,Västerbottens
Jörns västra kbfd,Västerbottens
Jukkasjärvi,Norrbottens
Julita,Södermanlands
Jumkil,Uppsala
Jung,Skaraborgs
Junosuando,Norrbottens
Junsele,Västernorrlands
Kadettkåren,Stockholms
Kaga,Östergötlands
Kågedalen,Västerbottens
Kågeröd,Skåne
Kall,Jämtlands
Källa,Kalmar
Kållands-Åsaka,Skaraborgs
Källby,Skaraborgs
Kållered,Västra Götalands
Kållerstad,Jönköpings
Källeryd,Jönköpings
Kallinge kbfd,Blekinge
Källna,Kristianstads
Källsjö,Hallands
Källs-Nöbbelöv,Skåne
Källstad,Östergötlands
Källstorp,Skåne
Källstorp,Skåne
Källunga,Älvsborgs
Källunge,Gotlands
Kalmar,Uppsala
Kalmar domkyrkoförsamling,Kalmar
Kalmar landsförsamling,Kalmar
Kalmar mosaiska,Kalmar
Kalmar Sankt Johannes,Kalmar
Kalmar slottsförsamling,Kalmar
Kalmar tyska,Kalmar
Kalv,Älvsborgs
Kälvene,Skaraborgs
Kalvsvik,Kronobergs
Kalvträsk,Västerbottens
Kammarduksfabriken i Vadstena,Östergötlands
Kämpinge,Skåne
Kånna,Kronobergs
Karaby,Skaraborgs
Karbenning,Västmanlands
Kårböle,Gävleborgs
Kärda,Jönköpings
Kareby,Västra Götalands
Karesuando,Norrbottens
Käringön,Västra Götalands
Karlanda,Värmlands
Karleby,Skaraborgs
Karl Gustav,Hallands
Karl Gustav,Norrbottens
Karlsborg,Skaraborgs
Karlsborgs garnisonsförsamling,Skaraborgs
Karlsdal,Örebro
Karlshamn,Blekinge
Karlskoga,Örebro
Karlskrona Amiralitetsförsamling,Blekinge
Karlskrona fångförsamling,Blekinge
Karlskrona mosaiska,Blekinge
Karlskrona stadsförsamling,Blekinge
Karlskrona tyska,Blekinge
Karlskyrka,Stockholms
Karlslunda,Kalmar
Karlstads domkyrkoförsamling,Värmlands
Karlstads landsförsamling,Värmlands
Karlstens slottsförsamling,Västra Götalands
Karlstorp,Jönköpings
Kärna,Östergötlands
Kärnbo,Södermanlands
Karoli,Skåne
Kärråkra,Älvsborgs
Kärrbo,Västmanlands
Kärreberga,Kristianstads
Kårsta,Stockholms
Karup,Kristianstads
Kastlösa,Kalmar
Katarina,Stockholms
Katrineberg,Gävleborgs
Katrineholm,Södermanlands
Katslösa,Skåne
Kattarp,Skåne
Kättilstad,Östergötlands
Kattnäs,Södermanlands
Kattunga,Älvsborgs
Kaunisvaara kbfd,Norrbottens
Kävlinge,Skåne
Kävsjö,Jönköpings
Kengis bruksförsamling,Norrbottens
Kestad,Skaraborgs
Kiaby,Kristianstads
Kil,Örebro
Kila,Värmlands
Kila,Västmanlands
Kila,Södermanlands
Kilanda,Älvsborgs
Kimstad,Östergötlands
Kinna,Älvsborgs
Kinnared,Hallands
Kinnared,Älvsborgs
Kinnarumma,Älvsborgs
Kinne-Kleva,Skaraborgs
Kinneved,Skaraborgs
Kinne-Vedum,Skaraborgs
Kirseberg,Skåne
Kisa,Östergötlands
Kista,Stockholms
Kista kbfd,Stockholms
Kjula,Södermanlands
Kläckeberga,Kalmar
Klädesholmen,Västra Götalands
Klara,Stockholms
Klåstad,Östergötlands
Klinte,Gotlands
Klippan,Kristianstads
Klockrike,Östergötlands
Klövedal,Västra Götalands
Klövsjö,Jämtlands
Knäred,Hallands
Knästorp,Skåne
Knätte,Älvsborgs
Knislinge,Kristianstads
Knista,Örebro
Knivsta,Uppsala
Knutby,Uppsala
Köinge,Hallands
Köla,Värmlands
Kölaby,Älvsborgs
Kolbäck,Västmanlands
Kölingared,Älvsborgs
Kolmårdsroten,Östergötlands
Kolsva,Västmanlands
Kolsva norra kbfd,Västmanlands
Kolsva södra kbfd,Västmanlands
Konga,Skåne
Konradsberg,Stockholms
Konung Oscar I,Stockholms
Konungsund,Östergötlands
Konungsunds Kolmårdsrote,Östergötlands
Köping,Västmanlands
Köping,Kalmar
Köpinge,Kristianstads
Köpings landsförsamling,Västmanlands
Korpilombolo,Norrbottens
Korrektionsinrättningen,Stockholms
Korsberga,Skaraborgs
Korsberga,Jönköpings
Kortedala,Västra Götalands
Kortedala kbfd,Västra Götalands
Kräcklinge,Örebro
Kräklingbo,Gotlands
Kråkshult,Jönköpings
Kråksmåla,Kalmar
Kristberg,Östergötlands
Kristdala,Kalmar
Kristianopel,Blekinge
Kristianstads garnisonsförsamling,Kristianstads
Kristianstads Heliga Trefaldighet,Kristianstads
Kristianstads slottsförsamling,Kristianstads
Kristinehamn,Värmlands
Kristvalla,Kalmar
Krogsered,Hallands
Krokek,Östergötlands
Krokstad,Västra Götalands
Krokstrands kbfd,Västra Götalands
Kronospinnhuset,Stockholms
Kropp,Skåne
Kroppa,Värmlands
Kroppa kbfd,Värmlands
Krylbo kbfd,Dalarnas
Kuddby,Östergötlands
Kulla,Uppsala
Kulladal,Skåne
Kullerstad,Östergötlands
Kullings-Skövde,Älvsborgs
Kulltorp,Jönköpings
Kumla,Örebro
Kumla,Västmanlands
Kumla,Östergötlands
Kumlaby,Jönköpings
Kungälv,Västra Götalands
Kung Karl,Västmanlands
Kungsängen,Stockholms
Kungsåra,Västmanlands
Kungsäter,Hallands
Kungsbacka,Hallands
Kungsbacksförsamlingen,Stockholms
Kungs-Barkarö,Västmanlands
Kungshamn,Västra Götalands
Kungsholm eller Ulrika Eleonora,Stockholms
Kungs-Husby,Uppsala
Kungslena,Skaraborgs
Kurhuset,Stockholms
Kvänum,Skaraborgs
Kvarsebo,Östergötlands
Kvenneberga,Kronobergs
Kverrestad,Kristianstads
Kvibille,Hallands
Kvidinge,Kristianstads
Kviinge,Kristianstads
Kvikkjokk,Norrbottens
Kvikkjokks kbfd,Norrbottens
Kville,Västra Götalands
Kville kbfd,Västra Götalands
Kvillinge,Östergötlands
Kvinnestad,Älvsborgs
Kvistbro,Örebro
Kvistofta,Skåne
Kymbo,Skaraborgs
Kyrkås,Skaraborgs
Kyrkås,Jämtlands
Kyrketorp,Skaraborgs
Kyrkheddinge,Skåne
Kyrkhult,Blekinge
Kyrkoköpinge,Skåne
Läby,Uppsala
Lackalänga,Skåne
Läckö slottskapell,Skaraborgs
Lagfors bruksförsamling,Västernorrlands
Lagga,Uppsala
Lagmansered,Älvsborgs
Laholm,Hallands
Laholms landsförsamling,Hallands
Landa,Hallands
Landa,Älvsborgs
Landeryd,Östergötlands
Landskrona,Skåne
Landskrona garnisonsförsamling,Skåne
Landskrona slotts- och straffängelseförsamling,Skåne
Landvetter,Västra Götalands
Lane-Ryr,Västra Götalands
Långared,Älvsborgs
Långaröd,Skåne
Långaryd,Hallands
Långasjö,Kalmar
Längbro,Örebro
Långelanda,Västra Götalands
Långemåla,Kalmar
Länghem,Älvsborgs
Långholmen,Stockholms
Längjum,Älvsborgs
Längjum,Skaraborgs
Långlöt,Kalmar
Längnum,Skaraborgs
Långsele,Västernorrlands
Långserud,Värmlands
Långshyttans kbfd,Dalarnas
Långtora,Uppsala
Lanna,Skaraborgs
Länna,Stockholms
Länna,Södermanlands
Lännäs,Örebro
Lannaskede,Jönköpings
Lansjärvs kbfd,Norrbottens
Lärbro,Gotlands
Larv,Skaraborgs
Laske-Vedum,Skaraborgs
Låssa,Stockholms
Låstad,Skaraborgs
Lästringe,Södermanlands
Latikbergs kbfd,Västerbottens
Lau,Gotlands
Lavad,Skaraborgs
Laxarby,Älvsborgs
Laxsjö,Jämtlands
Leaby,Skaraborgs
Ledberg,Östergötlands
Ledsjö,Skaraborgs
Lekaryd,Kronobergs
Lekåsa,Skaraborgs
Lekeryd,Jönköpings
Leksand,Dalarnas
Leksberg,Skaraborgs
Lekvattnet,Värmlands
Lemmeströ,Skåne
Lemnhult,Jönköpings
Lena,Älvsborgs
Lena,Uppsala
Lenhovda,Kronobergs
Lerbäck,Örebro
Lerbo,Södermanlands
Lerdal,Älvsborgs
Lerdala,Skaraborgs
Lerum,Älvsborgs
Lessebo,Kronobergs
Lessebo kbfd,Kronobergs
Levene,Skaraborgs
Levide,Gotlands
Lextorp,Älvsborgs
Liared,Älvsborgs
Lid,Södermanlands
Liden,Västernorrlands
Lidhult,Kronobergs
Lidingö,Stockholms
Lidköping,Skaraborgs
Lilla Beddinge,Skåne
Lilla Harrie,Skåne
Lilla Isie,Skåne
Lilla Malma,Södermanlands
Lilla Mellösa,Södermanlands
Lilla och Stora Essingens kbfd,Stockholms
Lilla Rytterne,Västmanlands
Lilla Slågarp,Skåne
Lillhärad,Västmanlands
Lillhärdal,Jämtlands
Lillkyrka,Uppsala
Lillkyrka,Östergötlands
Lillkyrka-Ödeby,Örebro
Lima,Dalarnas
Lima kbfd,Dalarnas
Limhamn,Skåne
Limmared,Älvsborgs
Lindärva,Skaraborgs
Lindberg,Hallands
Linde,Örebro
Linde,Gotlands
Linderås,Jönköpings
Linderöd,Kristianstads
Lindesberg,Örebro
Lindome,Västra Götalands
Lingbo,Gävleborgs
Linköpings Berga,Östergötlands
Linköpings domkyrkoförsamling,Östergötlands
Linköpings Johannelund,Östergötlands
Linköpings Ryd,Östergötlands
Linköpings Sankt Lars,Östergötlands
Linköpings Skäggetorp,Östergötlands
Linneryd,Kronobergs
Linsell,Jämtlands
Lista,Södermanlands
Listerby,Blekinge
Lit,Jämtlands
Litslena,Uppsala
Livbataljonsförsamlingen,Stockholms
Livbeväringsregementet,Stockholms
Livdrabantförsamlingen,Stockholms
Livgardet till häst,Stockholms
Livregementets värvade infanteribataljon,Stockholms
Ljuder,Kronobergs
Ljung,Västra Götalands
Ljung,Älvsborgs
Ljung,Östergötlands
Ljungarum,Jönköpings
Ljungby,Kristianstads
Ljungby,Hallands
Ljungby,Kronobergs
Ljungby,Kalmar
Ljunghem,Skaraborgs
Ljunghem,Skaraborgs
Ljungsarp,Älvsborgs
Ljur,Älvsborgs
Ljusdal,Gävleborgs
Ljushult,Älvsborgs
Ljusnarsberg,Örebro
Ljusnarsbergs kbfd,Örebro
Ljusne,Gävleborgs
Ljusnedal,Jämtlands
Ljusterö,Stockholms
Ljustorp,Västernorrlands
Lockarp,Skåne
Locketorp,Skaraborgs
Lockne,Jämtlands
Locknevi,Kalmar
Löddeköpinge,Skåne
Löderup,Skåne
Lofta,Kalmar
Loftahammar,Kalmar
Lögdö bruksförsamling,Västernorrlands
Lohärad,Stockholms
Lojsta,Gotlands
Lokrume,Gotlands
Lomma,Skåne
Lommaryd,Jönköpings
Lommeland,Västra Götalands
Long,Skaraborgs
Lönneberga,Kalmar
Lönsås,Östergötlands
Lönskog,Värmlands
Los,Gävleborgs
Lösen,Blekinge
Loshult,Kristianstads
Löt,Uppsala
Löt,Östergötlands
Löt,Kalmar
Lövånger,Västerbottens
Lovene,Skaraborgs
Lövestad,Skåne
Lovö,Stockholms
Lövsta bruksförsamling,Uppsala
Ludgo,Södermanlands
Ludvika,Dalarnas
Lugnås,Skaraborgs
Luleå domkyrkoförsamling,Norrbottens
Lummelunda,Gotlands
Lunda,Stockholms
Lunda,Södermanlands
Lundby,Västra Götalands
Lundby kbfd,Västra Götalands
Lunds Allhelgonaförsamling,Skåne
Lunds domkyrkoförsamling,Skåne
Lunds hospitalsförsamling,Skåne
Lunds landsförsamling,Skåne
Lunger,Västmanlands
Lungsund,Värmlands
Luntertun,Kristianstads
Lur,Västra Götalands
Luttra,Skaraborgs
Lyby,Skåne
Lycke,Västra Götalands
Lyckeby,Blekinge
Lycksele,Västerbottens
Lycksele kbfd,Västerbottens
Lye,Gotlands
Lyngby,Skåne
Lyngsjö,Kristianstads
Lyrestad,Skaraborgs
Lyse,Västra Götalands
Lysekil,Västra Götalands
Lysvik,Värmlands
Madesjö,Kalmar
Madesjö kbfd,Kalmar
Maglarp,Skåne
Maglehem,Kristianstads
Magra,Älvsborgs
Malå,Västerbottens
Malexander,Östergötlands
Målilla kbfd,Kalmar
Målilla med Gårdveda,Kalmar
Malingsbo,Dalarnas
Malma,Skaraborgs
Malma,Västmanlands
Malmbäck,Jönköpings
Malmberget,Norrbottens
Malmbergets kbfd,Norrbottens
Malmö garnisonsförsamling,Skåne
Malmö hospitalsförsamling,Skåne
Malmö Karoli,Skåne
Malmö katolska,Skåne
Malmö mosaiska,Skåne
Malmön,Västra Götalands
Malmö Övra,Skåne
Malmö Sankt Johannes,Skåne
Malmö Sankt Pauli,Skåne
Malmö Sankt Petri,Skåne
Malmö slottsförsamling,Skåne
Malmö tyska,Skåne
Malöga,Älvsborgs
Malsta,Stockholms
Malung,Dalarnas
Malung utom Tyngsjö,Dalarnas
Mangskog,Värmlands
Månsarp,Jönköpings
Månstad,Älvsborgs
Marbäck,Älvsborgs
Marbäck,Jönköpings
Marby,Jämtlands
Mårdaklev,Älvsborgs
Maria Magdalena,Stockholms
Marieberg,Västra Götalands
Marieby,Jämtlands
Mariefred,Södermanlands
Mariestad,Skaraborgs
Marka,Skaraborgs
Markaryd,Kronobergs
Markbygdens kbfd,Norrbottens
Markie,Skåne
Markim,Stockholms
Marstrand,Västra Götalands
Marstrands mosaiska,Västra Götalands
Marsvinsholm,Skåne
Martebo,Gotlands
Martin Luther,Hallands
Marum,Skaraborgs
Mästerby,Gotlands
Matteröd,Kristianstads
Matteus,Stockholms
Mattmar,Jämtlands
Medåker,Västmanlands
Medelplana,Skaraborgs
Mellan-Grevie,Skåne
Mellby,Skaraborgs
Mellby,Jönköpings
Mellösa,Södermanlands
Mikael,Örebro
Militärförsörjningsinrättningen,Stockholms
Militärkåren,Stockholms
Millesvik,Värmlands
Mistelås,Kronobergs
Misterhult,Kalmar
Misterhults norra kbfd,Kalmar
Misterhults södra kbfd,Kalmar
Mjäldrunga,Älvsborgs
Mjällby,Blekinge
Mjöbäck,Älvsborgs
Mjölby,Östergötlands
Mo,Västra Götalands
Mo,Älvsborgs
Mo,Skaraborgs
Mo,Gävleborgs
Mo,Västernorrlands
Mockfjärd,Dalarnas
Möckleby,Kalmar
Mofalla,Skaraborgs
Mogata,Östergötlands
Moheda,Kronobergs
Möja,Stockholms
Möklinta,Västmanlands
Molla,Älvsborgs
Mölleberga,Skåne
Möllevången,Skåne
Mollösund,Västra Götalands
Mölltorp,Skaraborgs
Mölndal,Västra Götalands
Möne,Älvsborgs
Mönsterås,Kalmar
Mora,Dalarnas
Mörarp,Skåne
Mörbylånga,Kalmar
Morjärvs kbfd,Norrbottens
Morkarla,Uppsala
Mörkö,Stockholms
Morlanda,Västra Götalands
Mörlunda,Kalmar
Mörrum,Blekinge
Mörsil,Jämtlands
Mortorp,Kalmar
Morup,Hallands
Mosaiska,Stockholms
Mosjö,Örebro
Mosseberg,Skaraborgs
Mossebo,Älvsborgs
Motala,Östergötlands
Mularp,Skaraborgs
Mulseryd,Jönköpings
Multrå,Västernorrlands
Munka-Ljungby,Kristianstads
Munkarp,Skåne
Munkfors,Värmlands
Munktorp,Västmanlands
Munsö,Stockholms
Muonionalusta,Norrbottens
Murum,Älvsborgs
Muskö,Stockholms
Mussla,Skaraborgs
Mustasäter,Älvsborgs
Myckleby,Västra Götalands
Myresjö,Jönköpings
Myssjö,Jämtlands
Nacka,Stockholms
Nackebo,Jönköpings
Naglum,Älvsborgs
Nämdö,Stockholms
När,Gotlands
Närtuna,Stockholms
Nårunga,Älvsborgs
Näs,Skaraborgs
Nås,Dalarnas
Näs,Jämtlands
Näs,Gotlands
Nasafjäll,Norrbottens
Näsby,Örebro
Näsby,Östergötlands
Näsby,Jönköpings
Näshult,Jönköpings
Näshulta,Södermanlands
Näsinge,Västra Götalands
Näskott,Jämtlands
Nässja,Östergötlands
Nässjö,Jönköpings
Näsum,Kristianstads
Nätra,Västernorrlands
Nattavaara kbfd,Norrbottens
Nättraby,Blekinge
Naum,Skaraborgs
Nävelsjö,Jönköpings
Naverstad,Västra Götalands
Nävlinge,Kristianstads
Nederkalix,Norrbottens
Nederluleå,Norrbottens
Nedertorneå-Haparanda,Norrbottens
Nedertorneå kbfd,Norrbottens
Nedraby,Kristianstads
Nedre Ullerud,Värmlands
Nevishög,Skåne
Nianfors,Gävleborgs
Nicolai,Västra Götalands
Nicolai,Södermanlands
Niilivaara kbfd,Norrbottens
Nikolai,Stockholms
Nikolai,Södermanlands
Nikolai kbfd,Södermanlands
Nikolaus,Skåne
Nikolaus,Skaraborgs
Nilivaara,Norrbottens
Nittorp,Älvsborgs
Njurunda,Västernorrlands
Njutånger,Gävleborgs
Nöbbele,Kronobergs
Nöbbelöv,Kristianstads
Nödinge,Älvsborgs
Nol-Alafors kbfd,Älvsborgs
Nor,Värmlands
Nora,Örebro
Nora,Västmanlands
Nora,Västernorrlands
Nora bergsförsamling,Örebro
Nora stadsförsamling,Örebro
Norberg,Västmanlands
Norderö,Jämtlands
Nordingrå,Västernorrlands
Nordmaling,Västerbottens
Nordmalings kbfd,Västerbottens
Nordmark,Värmlands
Noreby,Älvsborgs
Normlösa,Östergötlands
Norns bruksförsamling,Dalarnas
Norra Åkarp,Kristianstads
Norra Åsarp,Skaraborgs
Norra Åsum,Kristianstads
Norra bataljonsförsamlingen,Stockholms
Norra Björke,Älvsborgs
Norra correctionsinrättningen,Stockholms
Norra Fågelås,Skaraborgs
Norra Finnskoga,Värmlands
Norrahammar,Jönköpings
Norra Härene,Skaraborgs
Norra Hestra,Jönköpings
Norra Järva,Stockholms
Norra Kedum,Skaraborgs
Norra korrektionsinrättningen,Stockholms
Norra kronohäktet,Stockholms
Norra Kyrketorp,Skaraborgs
Norrala,Gävleborgs
Norra Lundby,Skaraborgs
Norra Mellby,Kristianstads
Norra Möckleby,Kalmar
Norra Nöbbelöv,Skåne
Norra Ny,Värmlands
Norra Råda,Värmlands
Norra Rörum,Skåne
Norra Rottne,Kronobergs
Norra Säm,Älvsborgs
Norra Sandby,Kristianstads
Norra Sandsjö,Jönköpings
Norra Sandsjö kbfd,Jönköpings
Norra Skrävlinge,Skåne
Norra Solberga,Jönköpings
Norra Strö,Kristianstads
Norra Unnaryd,Jönköpings
Norra Vånga,Skaraborgs
Norra Vi,Östergötlands
Norra Ving,Skaraborgs
Norra Vram,Skåne
Norrbärke,Dalarnas
Norrbo,Gävleborgs
Norrby,Västmanlands
Norrbyås,Örebro
Norrfjärden,Norrbottens
Norrfors kbfd,Västerbottens
Norrköpings Borg,Östergötlands
Norrköpings Hedvig,Östergötlands
Norrköpings Matteus,Östergötlands
Norrköpings mosaiska,Östergötlands
Norrköpings Östra Eneby,Östergötlands
Norrköpings reformerta,Östergötlands
Norrköpings Sankt Johannes,Östergötlands
Norrköpings Sankt Olai,Östergötlands
Norrköpings straff- och arbetsfängelse,Östergötlands
Norrlanda,Gotlands
Norrlands artilleriregemente,Jämtlands
Norrlands trängkår,Västernorrlands
Norrstrand,Värmlands
Norrsunda,Stockholms
Norrtälje,Stockholms
Norrvidinge,Skåne
Norsjö,Västerbottens
Norsjö kbfd,Västerbottens
Norska jägarkåren,Stockholms
Norum,Västra Götalands
Nosaby,Kristianstads
Nössemark,Älvsborgs
Nösslinge,Hallands
Nottebäck,Kronobergs
Nöttja,Kronobergs
Ny,Värmlands
Nya Älvsborg,Västra Götalands
Nya Falkenberg,Hallands
Nya Varberg,Hallands
Nya Varvet,Västra Götalands
Nybro,Kalmar
Nybro kbfd,Kalmar
Nydala,Jönköpings
Nye,Jönköpings
Nyed,Värmlands
Nyhem,Jämtlands
Ny-Huggenäs,Värmlands
Nykil,Östergötlands
Nyköpings Alla Helgona,Södermanlands
Nyköpings Helgona,Södermanlands
Nyköpings Sankt Nicolai,Södermanlands
Nykyrka,Skaraborgs
Nykyrka,Södermanlands
Nykyrke,Skaraborgs
Nylöse,Västra Götalands
Nylöse kbfd,Västra Götalands
Nymö,Kristianstads
Nynäshamn,Stockholms
Nysätra,Västerbottens
Nysätra,Uppsala
Nyskoga,Värmlands
Nysund,Örebro
Ockelbo,Gävleborgs
Öckerö,Västra Götalands
Od,Älvsborgs
Odarslöv,Skåne
Ödeborg,Älvsborgs
Ödeby,Örebro
Ödenäs,Älvsborgs
Odensåker,Skaraborgs
Odensala,Stockholms
Odensjö,Kronobergs
Odensvi,Västmanlands
Odensvi,Kalmar
Oderljunga,Kristianstads
Ödeshög,Östergötlands
Ödestugu,Jönköpings
Ödskölt,Älvsborgs
Ödsmål,Västra Götalands
Offerdal,Jämtlands
Offerdals kbfd,Jämtlands
Öggestorp,Jönköpings
Öglunda,Skaraborgs
Öja,Skåne
Öja,Södermanlands
Öja,Kronobergs
Öja,Gotlands
Öjaby,Kronobergs
Ökna,Jönköpings
Oknö,Södermanlands
Okome,Hallands
Ölanda,Skaraborgs
Öljehult,Blekinge
Ölme,Värmlands
Ölmevalla,Hallands
Olofströms kbfd,Blekinge
Ölserud,Värmlands
Ölsremma,Älvsborgs
Olunda,Skaraborgs
Öm,Skaraborgs
Önnarp,Skåne
Önnestad,Kristianstads
Onsala,Hallands
Onslunda,Kristianstads
Önum,Skaraborgs
Oppeby,Östergötlands
Oppmanna,Kristianstads
Ör,Älvsborgs
Ör,Kronobergs
Öra,Älvsborgs
Örberga,Östergötlands
Örby,Älvsborgs
Örby kbfd,Älvsborgs
Ore,Dalarnas
Örebro Nikolai,Örebro
Örebro Olaus Petri,Örebro
Öregrund,Uppsala
Öreryd,Jönköpings
Örgryte,Västra Götalands
Örja,Skåne
Örkelljunga,Kristianstads
Örkened,Kristianstads
Orkesta,Stockholms
Orleka,Skaraborgs
Orlunda,Östergötlands
Ormesberga,Kronobergs
Örnäset,Norrbottens
Ornö,Stockholms
Örnsköldsvik,Västernorrlands
Ornunga,Älvsborgs
Orsa,Dalarnas
Örsås,Älvsborgs
Orsa utom Skattunge,Dalarnas
Örsjö,Skåne
Örsjö,Kalmar
Örslösa,Skaraborgs
Örtofta,Skåne
Örtomta,Östergötlands
Örträsk,Västerbottens
Osby,Kristianstads
Oscar,Älvsborgs
Oscar,Stockholms
Oscar I,Stockholms
Oskar,Kalmar
Oskarshamn,Kalmar
Oskarshamns mosaiska,Kalmar
Oskarström,Hallands
Öslöv,Skåne
Ösmo,Stockholms
Össeby-Garn,Stockholms
Össjö,Kristianstads
Östad,Älvsborgs
Östanå,Älvsborgs
Östby,Skaraborgs
Österåker,Stockholms
Österåker,Södermanlands
Österbitterna,Skaraborgs
Österby bruksförsamling,Uppsala
Österfärnebo,Gävleborgs
Östergarn,Gotlands
Österhaninge,Stockholms
Österhaninge norra kbfd,Stockholms
Österhaninge södra kbfd,Stockholms
Österlövsta,Uppsala
Österplana,Skaraborgs
Österslöv,Kristianstads
Östersund,Jämtlands
Östertälje,Stockholms
Österunda,Uppsala
Östervåla,Västmanlands
Östervallskog,Värmlands
Östgöta trängkår,Jönköpings
Östhammar,Uppsala
Östmark,Värmlands
Östra Ämtervik,Värmlands
Östra Aros,Uppsala
Östra Broby,Kristianstads
Östraby,Skåne
Östra Ed,Östergötlands
Östra Fågelvik,Värmlands
Östra Frölunda,Älvsborgs
Östra Gerum,Skaraborgs
Östra Grevie,Skåne
Östra Harg,Östergötlands
Östra Herrestad,Kristianstads
Östra Hoby,Kristianstads
Östra Husby,Östergötlands
Östra Ingelstad,Kristianstads
Östra Karaby,Skåne
Östra Kärrstorp,Skåne
Östra Karup,Kristianstads
Östra Klagstorp,Skåne
Östra Ljungby,Kristianstads
Östra Nöbbelöv,Kristianstads
Östra Ny,Östergötlands
Östra Ryd,Stockholms
Östra Ryd,Östergötlands
Östra Sallerup,Skåne
Östra Skrukeby,Östergötlands
Östra Sönnarslöv,Kristianstads
Östra Stenby,Östergötlands
Östra Strö,Skåne
Östra Tollstad,Östergötlands
Östra Tommarp,Kristianstads
Östra Torp,Skåne
Östra Torsås,Kronobergs
Östra Tunhem,Skaraborgs
Östra Vemmenhög,Skåne
ÖstraVemmerlöv,Kristianstads
Östra Vingåker,Södermanlands
Östra Vram,Kristianstads
Östuna,Uppsala
Othem,Gotlands
Ottarp,Skåne
Otterstad,Skaraborgs
Ottravad,Skaraborgs
Öttum,Skaraborgs
Ova,Skaraborgs
Ovanåker,Gävleborgs
Ovansjö,Gävleborgs
Öved,Skåne
Överenhörna,Stockholms
Övergran,Uppsala
Överhogdal,Jämtlands
Överhölö,Stockholms
Överjärna,Stockholms
Överkalix,Norrbottens
Överkalix kbfd,Norrbottens
Överklintens kbfd,Västerbottens
Överlännäs,Västernorrlands
Överluleå,Norrbottens
Överluleå kbfd,Norrbottens
Överselö,Södermanlands
Överstelöjtnantens bataljon,Stockholms
Övertorneå,Norrbottens
Övertorneå kbfd,Norrbottens
Överum,Kalmar
Oviken,Jämtlands
Övraby,Kristianstads
Övraby,Hallands
Övre Ullerud,Värmlands
Öxabäck,Älvsborgs
Oxelösund,Södermanlands
Oxelösunds kbfd,Södermanlands
Oxie,Skåne
Öxnevalla,Älvsborgs
Pajala,Norrbottens
Pajala kbfd,Norrbottens
Partille,Västra Götalands
Partille kbfd,Västra Götalands
Påskallaviks kbfd,Kalmar
Pelarne,Kalmar
Persnäs,Kalmar
Perstorp,Kristianstads
Peter,Skåne
Peter,Skaraborgs
Piteå kbfd,Norrbottens
Piteå landsförsamling,Norrbottens
Piteå stadsförsamling,Norrbottens
Pjätteryd,Kronobergs
Porjus,Norrbottens
Porjus kbfd,Norrbottens
Puottaure kbfd,Norrbottens
Råbelöv,Kristianstads
Råby-Rekarne,Södermanlands
Råby-Rönö,Södermanlands
Rackeby,Skaraborgs
Råda,Västra Götalands
Råda,Skaraborgs
Rådene,Skaraborgs
Rådmansö,Stockholms
Råggärd,Älvsborgs
Ragunda,Jämtlands
Rakered,Östergötlands
Rällen,Västra Götalands
Ramdala,Blekinge
Ramkvilla,Jönköpings
Rämmen,Värmlands
Ramnäs,Västmanlands
Ramsåsa,Kristianstads
Ramsberg,Örebro
Ramsele,Västernorrlands
Ramsjö,Gävleborgs
Ramsta,Uppsala
Ramundeboda,Örebro
Råneå,Norrbottens
Råneå nedre kbfd,Norrbottens
Råneå övre kbfd,Norrbottens
Räng,Skåne
Rångedala,Älvsborgs
Rännelanda,Älvsborgs
Ränneslöv,Hallands
Rånnum,Älvsborgs
Ransäter,Värmlands
Ransberg,Skaraborgs
Rappestad,Östergötlands
Räpplinge,Kalmar
Rasbo,Uppsala
Rasbokil,Uppsala
Råsunda,Stockholms
Rätan,Jämtlands
Rättvik,Dalarnas
Raus,Skåne
Rävinge,Hallands
Ravlunda,Kristianstads
Rebbelberga,Kristianstads
Redslared,Älvsborgs
Reftele,Jönköpings
Regna,Östergötlands
Regumatorp,Skaraborgs
Rejmyra,Östergötlands
Remmarlöv,Skåne
Remmene,Älvsborgs
Rengsjö,Gävleborgs
Resele,Västernorrlands
Reslöv,Skåne
Resmo,Kalmar
Resteröd,Västra Götalands
Resville,Skaraborgs
Revesjö,Älvsborgs
Revinge,Skåne
Revsund,Jämtlands
Riala,Stockholms
Riddarholmen,Stockholms
Rimbo,Stockholms
Ringamåla,Blekinge
Ringarum,Östergötlands
Ringarums kbfd,Östergötlands
Ringestena,Älvsborgs
Rinkaby,Kristianstads
Rinkaby,Örebro
Rinna,Östergötlands
Ripsa,Södermanlands
Risbäck,Västerbottens
Riseberga,Kristianstads
Risekatslösa,Skåne
Risinge,Östergötlands
Risinge kbfd,Östergötlands
Rö,Stockholms
Roasjö,Älvsborgs
Robertsfors,Västerbottens
Rödbo,Västra Götalands
Röddinge,Skåne
Rödeby,Blekinge
Rödeby norra kbfd,Blekinge
Rödeby södra kbfd,Blekinge
Rödene,Älvsborgs
Rödön,Jämtlands
Rogberga,Jönköpings
Rogslösa,Östergötlands
Rogsta,Gävleborgs
Rök,Östergötlands
Röke,Kristianstads
Rölanda,Älvsborgs
Rolfstorp,Hallands
Roma,Gotlands
Romelanda,Västra Götalands
Romfartuna,Västmanlands
Rommele,Älvsborgs
Rone,Gotlands
Rönnäng,Västra Götalands
Ronneby,Blekinge
Ronneby kbfd,Blekinge
Ronneby landsförsamling,Blekinge
Rönnöfors kbfd,Jämtlands
Rönö,Östergötlands
Röra,Västra Götalands
Rörbäcksnäs kbfd,Dalarnas
Rörum,Kristianstads
Roslags-Bro,Stockholms
Roslags-Kulla,Stockholms
Röstånga,Skåne
Rudskoga,Värmlands
Rumskulla,Kalmar
Runsten,Kalmar
Runtuna,Södermanlands
Rute,Gotlands
Rya,Kristianstads
Rycka,Skaraborgs
Ryd,Skaraborgs
Ryda,Skaraborgs
Rydaholm,Jönköpings
Rydöbruk,Hallands
Rysk-grekiska,Stockholms
Ryssby,Kronobergs
Ryssby,Kalmar
Rystad,Östergötlands
Rytterne,Västmanlands
Sabbatsbergs fattighus,Stockholms
Säbrå,Västernorrlands
Säby,Skåne
Säby,Västmanlands
Säby,Jönköpings
Säckestad,Skaraborgs
Säffle,Värmlands
Säfsnäs,Dalarnas
Sal,Skaraborgs
Sala,Västmanlands
Sala landsförsamling,Västmanlands
Saleby,Skaraborgs
Saleby,Skaraborgs
Salem,Stockholms
Salem,Skaraborgs
Sällstorp,Hallands
Saltsjöbaden,Stockholms
Sanda,Gotlands
Sandarne,Gävleborgs
Sandby,Kalmar
Sandhem,Skaraborgs
Sandhult,Älvsborgs
Sandvik,Jönköpings
Sandviken,Gävleborgs
Sånga,Stockholms
Sånga,Västernorrlands
Sankta Birgitta,Kalmar
Sankta Birgitta,Kalmar
Sankta Eugenia,Stockholms
Sankta Maria,Skaraborgs
Sankta Maria magle,Skåne
Sankta Maria minor,Skåne
Sankt Andreas,Skåne
Sankt Anna,Östergötlands
Sankt Botulf,Skåne
Sankt Clemens,Skåne
Sankt Clemens,Skåne
Sankt Clemens,Gotlands
Sankt Drotten,Skåne
Sankt Drotten,Gotlands
Sankt Erik,Stockholms
Sankt Godehard,Skåne
Sankt Göran,Stockholms
Sankt Hans,Gotlands
Sankt Ibb,Skåne
Sankt Jakob,Skåne
Sankt Johannes,Skåne
Sankt Johannes,Skåne
Sankt Katarinae kapell,Skaraborgs
Sankt Lars,Skaraborgs
Sankt Lars,Gotlands
Sankt Laurentii,Västmanlands
Sankt Laurentii,Östergötlands
Sankt llian,Västmanlands
Sankt llian,Östergötlands
Sankt Måns,Skåne
Sankt Mariae kapell,Skaraborgs
Sankt Mårten,Skåne
Sankt Martin,Östergötlands
Sankt Mikael,Stockholms
Sankt Mikael,Skåne
Sankt Mikael,Gotlands
Sankt Nicolai,Skåne
Sankt Nicolai,Skåne
Sankt Nicolai,Stockholms
Sankt Nicolai,Södermanlands
Sankt Nikolai,Hallands
Sankt Nikolai,Skaraborgs
Sankt Nikolai,Stockholms
Sankt Nikolai,Västmanlands
Sankt Olai,Skåne
Sankt Olof,Kristianstads
Sankt Olof,Skåne
Sankt Olof,Älvsborgs
Sankt Olof,Stockholms
Sankt Olof,Västmanlands
Sankt Olof,Uppsala
Sankt Olof,Gotlands
Sankt Paul,Skåne
Sankt Peder,Älvsborgs
Sankt Per,Skaraborgs
Sankt Per,Stockholms
Sankt Per,Uppsala
Sankt Per,Östergötlands
Sankt Per,Gotlands
Sankt Peter,Skåne
Sankt Peters kloster,Skåne
Sankt Peter vid Bredgatan,Skåne
Sankt Petri lille,Skåne
Sankt Sigfrid,Kalmar
Sankt Stefan,Skåne
Sankt Tome,Skåne
Sanna,Jönköpings
Sanne,Västra Götalands
Särestad,Skaraborgs
Saritslöv,Skåne
Särna,Dalarnas
Särslöv,Skåne
Säter,Skaraborgs
Säter,Dalarnas
Säter,Dalarnas
Säterbo,Västmanlands
Säterbo kbfd,Västmanlands
Säters landsförsamling,Dalarnas
Sätila,Älvsborgs
Sättersta,Södermanlands
Sättna,Västernorrlands
Sätuna,Skaraborgs
Sävar,Västerbottens
Sävare,Skaraborgs
Sävars nedre kbfd,Västerbottens
Sävars övre kbfd,Västerbottens
Säve,Västra Götalands
Sävedalen,Västra Götalands
Sävedalens kbfd,Västra Götalands
Sävsjö,Jönköpings
Saxnäs kbfd,Västerbottens
Saxtorp,Skåne
Segersta,Gävleborgs
Segerstad,Skaraborgs
Segerstad,Värmlands
Segerstad,Kalmar
Seglora,Älvsborgs
Selånger,Västernorrlands
Selö,Södermanlands
Senäte,Skaraborgs
Serafimerlasarettet,Stockholms
Seskarö kbfd,Norrbottens
Sevalla,Västmanlands
Sexdrega,Älvsborgs
Sibbarp,Hallands
Sidensjö,Västernorrlands
Siene,Älvsborgs
Sigtuna,Stockholms
Sigtuna ryska,Stockholms
Sil,Skaraborgs
Silbodal,Värmlands
Silbojokk,Norrbottens
Siljansnäs,Dalarnas
Sillerud,Värmlands
Sillhövda,Blekinge
Silte,Gotlands
Silvåkra,Skåne
Silvberg,Dalarnas
Simlinge,Skåne
Simonstorp,Östergötlands
Simris,Kristianstads
Simrishamn,Kristianstads
Simtuna,Uppsala
Singö,Stockholms
Sireköpinge,Skåne
Själevad,Västernorrlands
Sjögerås,Skaraborgs
Sjogerstad,Skaraborgs
Sjögestad,Östergötlands
Sjonhem,Gotlands
Sjörup,Skåne
Sjösås,Kronobergs
Sjötofta,Älvsborgs
Skå,Stockholms
Skabersjö,Skåne
Skäfthammar,Uppsala
Skaftö,Västra Götalands
Skagen,Skaraborgs
Skagershult,Örebro
Skållerud,Älvsborgs
Skällinge,Hallands
Skallmeja,Skaraborgs
Skallsjö,Älvsborgs
Skällvik,Östergötlands
Skalunda,Skaraborgs
Skälvum,Skaraborgs
Skånela,Stockholms
Skånes-Fagerhult,Kristianstads
Skånings-Åsaka,Skaraborgs
Skänninge,Östergötlands
Skanör,Skåne
Skånska trängkåren,Kristianstads
Skara,Skaraborgs
Skara domkyrkoförsamling,Skaraborgs
Skara hospitalsförsamling,Skaraborgs
Skara landsförsamling,Skaraborgs
Skara stadsförsamling,Skaraborgs
Skärbäck,Jönköpings
Skårby,Skåne
Skärholmen,Stockholms
Skarhult,Skåne
Skärkind,Östergötlands
Skarpnäck,Stockholms
Skarstad,Skaraborgs
Skärstad,Jönköpings
Skartofta,Skåne
Skärv,Skaraborgs
Skärvum,Skaraborgs
Skatelöv,Kronobergs
Skattunge,Dalarnas
Skeby,Skaraborgs
Skeda,Östergötlands
Skede,Jönköpings
Skederid,Stockholms
Skedevi,Östergötlands
Skedevi norra kyrkobokföringsområde,Östergötlands
Skedevi södra kyrkobokföringsområde,Östergötlands
Skee,Västra Götalands
Skee kbfd,Västra Götalands
Skeglinge,Skåne
Skegrie,Skåne
Skellefteå,Västerbottens
Skellefteå kbfd,Västerbottens
Skellefteå landsförsamling,Västerbottens
Skellefteå landsförsamlings kbfd,Västerbottens
Skellefteå Sankt Olov,Västerbottens
Skellefteå Sankt Örjan,Västerbottens
Skelleftehamns kbfd,Västerbottens
Skene kbfd,Älvsborgs
Skephult,Älvsborgs
Skepparslöv,Kristianstads
Skepperstad,Jönköpings
Skepplanda,Älvsborgs
Skeppsås,Östergötlands
Skeppsholm,Stockholms
Skepptuna,Stockholms
Skillingmark,Värmlands
Skinnskatteberg,Västmanlands
Skirö,Jönköpings
Skivarp,Skåne
Skofteby,Skaraborgs
Skog,Gävleborgs
Skog,Västernorrlands
Skoghalls kbfd,Värmlands
Skogsbygden,Älvsborgs
Skogslyckan,Kronobergs
Skogs-Tibble,Uppsala
Skokloster,Uppsala
Sköldinge,Södermanlands
Sköllersta,Örebro
Skölvene,Älvsborgs
Skön,Västernorrlands
Skönberga,Östergötlands
Skönsmon,Västernorrlands
Skorped,Västernorrlands
Skörstorp,Skaraborgs
Skövde,Skaraborgs
Skövde landsförsamling,Skaraborgs
Skrea,Hallands
Skredsvik,Västra Götalands
Skultuna,Västmanlands
Skummeslöv,Hallands
Skurup,Skåne
Skutskär,Uppsala
Skuttunge,Uppsala
Slädene,Skaraborgs
Slågarp,Skåne
Slaka,Östergötlands
Släp,Hallands
Slättåkra,Hallands
Slätthög,Kronobergs
Slimminge,Skåne
Slöinge,Hallands
Slöta,Skaraborgs
Slottsstaden,Skåne
Smålands artilleriregemente,Jönköpings
Smedby,Skaraborgs
Smedby,Kalmar
Smedstorp,Kristianstads
Smögen,Västra Götalands
Smula,Skaraborgs
Snårestad,Skåne
Snavlunda,Örebro
Snöstorp,Hallands
Söderåkra,Kalmar
Söderåkra norra kbfd,Kalmar
Söderåkra södra kbfd,Kalmar
Söderala,Gävleborgs
Söderbärke,Dalarnas
Söderby-Karl,Stockholms
Söderfors,Uppsala
Söderhamn,Gävleborgs
Södertälje,Stockholms
Södervidinge,Skåne
Södra Åby,Skåne
Södra Åkarp,Skåne
Södra Åsarp,Älvsborgs
Södra Åsum,Skåne
Södra bataljonsförsamlingen,Stockholms
Södra Bergnäs kbfd,Norrbottens
Södra Björke,Älvsborgs
Södra Fågelås,Skaraborgs
Södra Finnskoga,Värmlands
Södra Härene,Älvsborgs
Södra Hestra,Jönköpings
Södra Kedum,Skaraborgs
Södra Korrektionsinrättningen,Stockholms
Södra Kyrketorp,Skaraborgs
Södra Ljunga,Kronobergs
Södra Ljusterö,Stockholms
Södra Lundby,Skaraborgs
Södra Mellby,Kristianstads
Södra Möckleby,Kalmar
Södra Råda,Skaraborgs
Södra Rörum,Skåne
Södra Säm,Älvsborgs
Södra Sandby,Skåne
Södra Sandsjö,Kronobergs
Södra Solberga,Jönköpings
Södra Unnaryd,Hallands
Södra Vånga,Älvsborgs
Södra Vi,Kalmar
Södra Ving,Älvsborgs
Sofia,Stockholms
Sofielund,Skåne
Solberga,Skåne
Solberga,Västra Götalands
Solberga,Skaraborgs
Solbergs kbfd,Västernorrlands
Sollefteå,Västernorrlands
Sollentuna,Stockholms
Sollerön,Dalarnas
Solna,Stockholms
Sölvesborg,Blekinge
Sölvesborgs landsförsamling,Blekinge
Söndrum,Hallands
Söne,Skaraborgs
Söraby,Kronobergs
Sörby,Kristianstads
Sörby,Skaraborgs
Sörby,Östergötlands
Söromsjöns kbfd,Dalarnas
Sorsele,Västerbottens
Sorsele kbfd,Västerbottens
Sorunda,Södermanlands
Sövde,Skåne
Sövestad,Skåne
Spånga,Stockholms
Spånga kbfd,Stockholms
Spannarp,Hallands
Spanska,Stockholms
Sparlösa,Skaraborgs
Sparrsätra,Uppsala
Spekeröd,Västra Götalands
Spelvik,Södermanlands
Spinnhuset,Stockholms
Spjutstorp,Kristianstads
Sproge,Gotlands
Stacketorp,Skaraborgs
Staffanstorp,Skåne
Stafsinge,Hallands
Stala,Västra Götalands
Stamnared,Hallands
Stånga,Gotlands
Stångby,Skåne
Starby,Kristianstads
Starrkärr,Älvsborgs
Starrkärrs kbfd,Älvsborgs
Stavby,Uppsala
Stävie,Skåne
Stavnäs,Värmlands
Stehag,Skåne
Sten,Östergötlands
Stenåsa,Kalmar
Stenberga,Jönköpings
Stenbrohult,Kronobergs
Steneby,Älvsborgs
Stenestad,Skåne
Stengårdshult,Jönköpings
Steninge,Hallands
Stenkumla,Gotlands
Stenkvista,Södermanlands
Stenkyrka,Västra Götalands
Stenkyrka,Gotlands
Stensele,Västerbottens
Stensele kbfd,Västerbottens
Stensjön,Västra Götalands
Stenstorp,Skaraborgs
Stenum,Skaraborgs
Stiby,Kristianstads
Stiftelsen Konung Oscar I,Stockholms
Stigsjö,Västernorrlands
Stigtomta,Södermanlands
Stjärnorp,Östergötlands
Stjärnsund,Dalarnas
Stjärnsunds kbfd,Dalarnas
Stoby,Kristianstads
Stockaryd,Jönköpings
Stockholms domkyrkoförsamling,Stockholms
Stockholms hospital,Stockholms
Stockholms stads kronohäkte å Långholmen,Stockholms
Stockholms stads militärförsörjningsinrättning,Stockholms
Stockholms stads militärkår,Stockholms
Stockholms stads norra kronohäkte för kvinnor,Stockholms
Stockholms stads och läns kurhus,Stockholms
Stockholms stads rannsakningsfängelse,Stockholms
Stockholms stads södra kronohäkte för män,Stockholms
Stocksund,Stockholms
Stöde,Västernorrlands
Stora Åby,Östergötlands
Stora Hammar,Skåne
Stora Harrie,Skåne
Stora Herrestad,Skåne
Stora Kil,Värmlands
Stora Köpinge,Skåne
Stora Kopparberg,Dalarnas
Stora Kopparbergs kbfd,Dalarnas
Stora Lundby,Älvsborgs
Stora Malm,Södermanlands
Stora Mellby,Älvsborgs
Stora Mellösa,Örebro
Stora Råby,Skåne
Stora Skedvi,Dalarnas
Stora Slågarp,Skåne
Stora Tuna,Dalarnas
Stora Tuna kbfd,Dalarnas
Storfors,Värmlands
Storfors kbfd,Värmlands
Storkyrkoförsamlingen,Stockholms
Storsjö,Jämtlands
Strå,Östergötlands
Straff- och arbetsfängelset,Östergötlands
Straff- och arbetsfängelset å Långholmen och Stockholms stads södra kronohäkte för män,Stockholms
Straff- och arbetsfängelset å Norrmalm,Stockholms
Strängnäs domkyrkoförsamling,Södermanlands
Strängnäs landsförsamling,Södermanlands
Strängnäs stadsförsamling,Södermanlands
Strängsered,Älvsborgs
Stråvalla,Hallands
Strö,Skaraborgs
Ström,Jämtlands
Strömstad,Västra Götalands
Strövelstorp,Kristianstads
Stugun,Jämtlands
Sturkö,Blekinge
Styra,Östergötlands
Styrnäs,Västernorrlands
Styrsö,Västra Götalands
Styrstad,Östergötlands
Sund,Östergötlands
Sundals-Ryr,Älvsborgs
Sundborn,Dalarnas
Sundby,Södermanlands
Sundbyberg,Stockholms
Sundre,Gotlands
Sundsjö,Jämtlands
Sundsvall,Västernorrlands
Sundsvalls Gustav Adolf,Västernorrlands
Sundsvalls mosaiska,Västernorrlands
Sunne,Värmlands
Sunne,Jämtlands
Sunnemo,Värmlands
Sunnersberg,Skaraborgs
Suntak,Skaraborgs
Suntetorp,Skaraborgs
Sura,Västmanlands
Surteby-Kattunga,Älvsborgs
Svabensverk,Gävleborgs
Svalöv,Skåne
Sväm,Östergötlands
Svänasjö,Älvsborgs
Svanshals,Östergötlands
Svanskog,Värmlands
Svanstein,Norrbottens
Svansteins kbfd,Norrbottens
Svärdsjö,Dalarnas
Svärta,Södermanlands
Svarteborg,Västra Götalands
Svartnäs,Dalarnas
Svartrå,Hallands
Svarttorp,Jönköpings
Svartvik,Västernorrlands
Svea artilleriregemente,Stockholms
Svea ingenjörkår,Stockholms
Svea livgarde,Stockholms
Svea trängkår,Örebro
Svedala,Skåne
Sveg,Jämtlands
Svenarum,Jönköpings
Sveneby,Skaraborgs
Svenljunga,Älvsborgs
Svenneby,Västra Götalands
Svennevad,Örebro
Svenska gardesregementet,Stockholms
Svensköp,Skåne
Svenstorp,Skåne
Sventorp,Skaraborgs
Svinhult,Östergötlands
Svinnegarn,Uppsala
Sya,Östergötlands
Synnerål,Skaraborgs
Synnerby,Skaraborgs
Täby,Stockholms
Täby,Örebro
Täby,Östergötlands
Tådene,Skaraborgs
Tämta,Älvsborgs
Täng,Skaraborgs
Tångeråsa,Örebro
Tannåker,Kronobergs
Tännäs,Jämtlands
Tännäs lappförsamling,Jämtlands
Tånnö,Jönköpings
Tanum,Västra Götalands
Tanums kyrkoområde,Västra Götalands
Tärby,Älvsborgs
Tärendö,Norrbottens
Tärna,Västmanlands
Tärna,Västerbottens
Tarsled,Älvsborgs
Tåsjö,Jämtlands
Tåssjö,Kristianstads
Tåstarp,Kristianstads
Tävelsås,Kronobergs
Tävelsås med Tofta,Kronobergs
Tavelsjö,Västerbottens
Tavelsjö kbfd,Västerbottens
Taxinge,Stockholms
Teda,Uppsala
Teg,Västerbottens
Tegelsmora,Uppsala
Tegnaby,Kronobergs
Tegneby,Västra Götalands
Tengene,Skaraborgs
Tensta,Uppsala
Tiarp,Skaraborgs
Tiberg,Skaraborgs
Tibro,Skaraborgs
Tidaholm,Skaraborgs
Tidavad,Skaraborgs
Tidersrum,Östergötlands
Tierp,Uppsala
Tillberga,Västmanlands
Tillinge,Uppsala
Timmele,Älvsborgs
Timmersdala,Skaraborgs
Timrå,Västernorrlands
Tingsås,Kronobergs
Tingstad,Östergötlands
Tingstäde,Gotlands
Tirup,Skåne
Tisselskog,Älvsborgs
Tissered,Älvsborgs
Tived,Örebro
Tjällmo,Östergötlands
Tjärby,Hallands
Tjärnö,Västra Götalands
Tjärstad,Östergötlands
Tjörnarp,Skåne
Tjureda,Kronobergs
Tjurkö,Blekinge
Tjustorp,Skåne
Toarp,Älvsborgs
Töcksmark,Värmlands
Tofta,Skåne
Tofta,Kronobergs
Tofta,Gotlands
Töftedal,Älvsborgs
Tofteryd,Jönköpings
Tolånga,Skåne
Tolfta,Uppsala
Tolg,Kronobergs
Töllsjö,Älvsborgs
Tölö,Hallands
Tomelilla,Kristianstads
Tönnersjö,Hallands
Torbjörntorp,Skaraborgs
Töre,Norrbottens
Töreboda,Skaraborgs
Töre kbfd,Norrbottens
Torekov,Kristianstads
Torestorp,Älvsborgs
Toresund,Södermanlands
Torhamn,Blekinge
Törnevalla,Östergötlands
Törnsfall,Kalmar
Torö,Stockholms
Torp,Västra Götalands
Torp,Älvsborgs
Torp,Västernorrlands
Torpa,Hallands
Torpa,Älvsborgs
Torpa,Västmanlands
Torpa,Östergötlands
Torpa,Kronobergs
Törringe,Skåne
Torrlösa,Skåne
Torrskog,Älvsborgs
Torrum,Blekinge
Torsåker,Gävleborgs
Torsåker,Västernorrlands
Torsåker,Södermanlands
Torsång,Dalarnas
Torsås,Kalmar
Torsby,Västra Götalands
Torset,Kronobergs
Torshälla,Södermanlands
Torskinge,Jönköpings
Torslanda,Västra Götalands
Torslunda,Kalmar
Torsö,Skaraborgs
Torstuna,Uppsala
Torsvi,Uppsala
Tortuna,Västmanlands
Torup,Hallands
Tose,Västra Götalands
Tösse med Tydje,Älvsborgs
Tossene,Västra Götalands
Tostared,Älvsborgs
Tosterup,Kristianstads
Tottarp,Skåne
Töve,Älvsborgs
Träkumla,Gotlands
Tranås,Kristianstads
Träne,Kristianstads
Tranemo,Älvsborgs
Trångsund,Stockholms
Trankil,Värmlands
Transtrand,Dalarnas
Tranum,Skaraborgs
Traryd,Kronobergs
Träslöv,Hallands
Trässberg,Skaraborgs
Trästena,Skaraborgs
Tråvad,Skaraborgs
Trävattna,Skaraborgs
Trehörna,Östergötlands
Trehörningsjö,Västernorrlands
Trelleborg,Skåne
Trelleborgs landsförsamling,Skåne
Trökörna,Skaraborgs
Trolle-Ljungby,Kristianstads
Trollenäs,Skåne
Trollhättan,Älvsborgs
Trönninge,Hallands
Trönö,Gävleborgs
Trosa stadsförsamling,Södermanlands
Trosa-Vagnhärad,Södermanlands
Tryde,Kristianstads
Tryserum,Östergötlands
Tullstorp,Skåne
Tumba,Stockholms
Tumba kbfd,Stockholms
Tumberg,Älvsborgs
Tumbo,Södermanlands
Tun,Skaraborgs
Tuna,Västernorrlands
Tuna,Uppsala
Tuna,Södermanlands
Tuna,Kalmar
Tunaberg,Södermanlands
Tunbyholm,Kristianstads
Tunge,Älvsborgs
Turinge,Stockholms
Tutaryd,Kronobergs
Tuve,Västra Götalands
Tvååker,Hallands
Tvärred,Älvsborgs
Två systrar,Kalmar
Tveta,Värmlands
Tveta,Stockholms
Tveta,Kalmar
Tving,Blekinge
Tydje,Älvsborgs
Tygelsjö,Skåne
Tyggestorp,Älvsborgs
Tynderö,Västernorrlands
Tyngsjö,Dalarnas
Tynnered,Västra Götalands
Tynnereds kbfd,Västra Götalands
Tyresö,Stockholms
Tyska Sankta Gertrud,Stockholms
Tysslinge,Örebro
Tystberga,Södermanlands
Ucklum,Västra Götalands
Uddevalla,Västra Götalands
Ugglum,Skaraborgs
Ukna,Kalmar
Ullånger,Västernorrlands
Ullared,Hallands
Ullasjö,Älvsborgs
Ullene,Skaraborgs
Ullerud,Värmlands
Ullervad,Skaraborgs
Ullstorp,Kristianstads
Ulricehamn,Älvsborgs
Ulrika,Östergötlands
Umeå landsförsamling,Västerbottens
Umeå landsförsamlings södra kbfd,Västerbottens
Umeå stadsförsamling,Västerbottens
Umnäs kbfd,Västerbottens
Undenäs,Skaraborgs
Undersåker,Jämtlands
Undersåkers lappförsamling,Jämtlands
Undersvik,Gävleborgs
Ununge,Stockholms
Uplanda,Skaraborgs
Uppåkra,Skåne
Upphärad,Älvsborgs
Upplands artilleriregemente,Uppsala
Uppsala,Uppsala
Uppsala domkyrkoförsamling,Uppsala
Uppsala-Näs,Uppsala
Uråsa,Kronobergs
Urshult,Kronobergs
Utby,Västra Götalands
Utby,Skaraborgs
Utö,Stockholms
Utvängstorp,Skaraborgs
Uvered,Skaraborgs
Vä,Kristianstads
Väckelsång,Kronobergs
Väcklinge,Jönköpings
Vad,Skaraborgs
Vada,Stockholms
Väddö,Stockholms
Vadensjö,Skåne
Väderstad,Östergötlands
Vadsbro,Södermanlands
Vadstena,Östergötlands
Vadstena hospitalsförsamling,Östergötlands
Vadstena krigsmanshusförsamling,Östergötlands
Vagnhärad,Södermanlands
Vaksala,Uppsala
Väla,Skaraborgs
Valbo,Gävleborgs
Valbo-Ryr,Västra Götalands
Valdemarsvik,Östergötlands
Valdshult,Jönköpings
Välinge,Skåne
Valinge,Hallands
Vall,Gotlands
Valla,Västra Götalands
Vallby,Kristianstads
Vallby,Uppsala
Vallby,Södermanlands
Vallda,Hallands
Valleberga,Skåne
Vallentuna,Stockholms
Vallerstad,Östergötlands
Vallgårda,Jönköpings
Vällingby,Stockholms
Vällingby kbfd,Stockholms
Vallkärra,Skåne
Vallsjö,Jönköpings
Vallstena,Gotlands
Välluv,Skåne
Valö,Uppsala
Valstad,Skaraborgs
Valtorp,Skaraborgs
Våmb,Skaraborgs
Våmhus,Dalarnas
Våmhus baptistförsamling,Dalarnas
Vamlingbo,Gotlands
Väne-Åsaka,Älvsborgs
Vänersborg,Älvsborgs
Vänersborgs landsförsarnling,Älvsborgs
Vänersnäs,Älvsborgs
Väne-Ryr,Älvsborgs
Vånga,Kristianstads
Vänga,Älvsborgs
Vånga,Östergötlands
Vänge,Uppsala
Vänge,Gotlands
Vankiva,Kristianstads
Vännäs,Västerbottens
Vännäsbygdens kbfd,Västerbottens
Vännäs centralorts kbfd,Västerbottens
Vansbro kbfd,Dalarnas
Vansö,Södermanlands
Vanstad,Skåne
Vantinge,Kristianstads
Vantör,Stockholms
Vapnö,Hallands
Vara,Skaraborgs
Varberg,Hallands
Varbergs slottsförsamling,Hallands
Varbergs straffängelse,Hallands
Vårdinge,Stockholms
Vårdnäs,Östergötlands
Vårdsberg,Östergötlands
Vår Fru,Uppsala
Vårfrukyrka,Uppsala
Vargöns kbfd,Älvsborgs
Väring,Skaraborgs
Vårkumla,Skaraborgs
Värmdö,Stockholms
Värmskog,Värmlands
Värna,Östergötlands
Värnamo,Jönköpings
Varnhem,Skaraborgs
Varnum,Älvsborgs
Varnum,Skaraborgs
Varnum,Värmlands
Värö,Hallands
Varola,Skaraborgs
Värsås,Skaraborgs
Vartofta-Åsaka,Skaraborgs
Varv,Skaraborgs
Varvet,Västra Götalands
Vårvik,Älvsborgs
Varv och Styra,Östergötlands
Väsby,Skåne
Väse,Värmlands
Väskinde,Gotlands
Vassända-Naglum,Älvsborgs
Vässby,Skaraborgs
Vassunda,Uppsala
Västanå bruksförsamling,Västernorrlands
Västanfors,Västmanlands
Västeråker,Uppsala
Västerås Badelunda,Västmanlands
Västerås-Barkarö,Västmanlands
Västerås domkyrkoförsamling,Västmanlands
Västerås Lundby,Västmanlands
Västerås Skerike,Västmanlands
Västerfärnebo,Västmanlands
Västergarn,Gotlands
Västerhaninge,Stockholms
Västerhejde,Gotlands
Västerhus,Jämtlands
Västerlanda,Älvsborgs
Västerled,Stockholms
Västerljung,Södermanlands
Västerlösa,Östergötlands
Västerlövsta,Västmanlands
Västermo,Södermanlands
Västerplana,Skaraborgs
Västerstad,Skåne
Västertälje,Stockholms
Västervåla,Västmanlands
Västervånga,Älvsborgs
Västervik,Kalmar
Västland,Uppsala
Västmanlands trängkår,Västmanlands
Västra Ämtervik,Värmlands
Västra Aros,Västmanlands
Västra Broby,Kristianstads
Västra Ed,Kalmar
Västra Eneby,Östergötlands
Västra Fågelvik,Värmlands
Västra Frölunda,Västra Götalands
Västra Frölunda kbfd,Västra Götalands
Västra Gerum,Skaraborgs
Västra Harg,Östergötlands
Västra Hoby,Skåne
Västra Husby,Östergötlands
Västra Ingelstad,Skåne
Västra Jät,Kronobergs
Västra Karaby,Skåne
Västra Kärrstorp,Skåne
Västra Karup,Kristianstads
Västra Klagstorp,Skåne
Västra Nöbbelöv,Skåne
Västra Ny,Östergötlands
Västra Ryd,Stockholms
Västra Ryd,Östergötlands
Västra Sallerups kbfd,Skåne
Västra Skedvi,Västmanlands
Västra Skrävlinge,Skåne
Västra Skrukeby,Östergötlands
Västra Sönnarslöv,Kristianstads
Västra Stenby,Östergötlands
Västra Strö,Skåne
Västra Sund,Värmlands
Västra Tollstad,Östergötlands
Västra Tommarp,Skåne
Västra Torsås,Kronobergs
Västra Torup,Kristianstads
Västra Tunhem,Älvsborgs
Västra Tunhems kbfd,Älvsborgs
Västra Vemmenhög,Skåne
Västra Vemmerlöv,Skåne
Västra Vingåker,Södermanlands
Västra Vram,Kristianstads
Västrum,Kalmar
Väte,Gotlands
Våthult,Jönköpings
Vätö,Stockholms
Vättak,Skaraborgs
Vättlösa,Skaraborgs
Väversunda,Östergötlands
Vaxholm,Stockholms
Växjö domkyrkoförsamling,Kronobergs
Växjö hospitalsförsamling,Kronobergs
Växjö landsförsamling,Kronobergs
Växjö mosaiska,Kronobergs
Våxtorp,Hallands
Veberöd,Skåne
Veckholm,Uppsala
Vedby,Kristianstads
Veddige,Hallands
Vederslöv,Kronobergs
Vedevåg,Örebro
Vedum,Skaraborgs
Veinge,Hallands
Velinga,Skaraborgs
Vellinge,Skåne
Vemdalen,Jämtlands
Vemmenhög,Skåne
Vena,Kalmar
Vena kbfd,Kalmar
Vendel,Uppsala
Venjan,Dalarnas
Venjans kbfd,Dalarnas
Ventlinge,Kalmar
Verum,Kristianstads
Vesene,Älvsborgs
Vessige,Hallands
Veta,Östergötlands
Vetlanda,Jönköpings
Viby,Örebro
Viby,Östergötlands
Vibyggerå,Västernorrlands
Vickleby,Kalmar
Vidbo,Stockholms
Vika,Dalarnas
Viken,Skåne
Viker,Örebro
Vikingstad,Östergötlands
Viklau,Gotlands
Viksjö,Västernorrlands
Viksta,Uppsala
Viktoria,Kalmar
Vilhelmina,Västerbottens
Vilhelmina kbfd,Västerbottens
Villberga,Uppsala
Villie,Skåne
Villstad,Jönköpings
Vilske-Kleva,Skaraborgs
Vimmerby,Kalmar
Vimmerby landsförsamling,Kalmar
Vinberg,Hallands
Vindeln,Västerbottens
Vinköl,Skaraborgs
Vinnerstad,Östergötlands
Vinslöv,Kristianstads
Vintrosa,Örebro
Vireda,Jönköpings
Virestad,Skåne
Virestad,Kronobergs
Virke,Skåne
Virserum,Kalmar
Visby,Gotlands
Visby domkyrkoförsamling,Gotlands
Visby landsförsamling,Gotlands
Visby norra landsförsamling,Gotlands
Visby ryska,Gotlands
Visingsö,Jönköpings
Vislanda,Kronobergs
Visnum,Värmlands
Visnums-Kil,Värmlands
Vissefjärda,Kalmar
Visseltofta,Kristianstads
Vist,Älvsborgs
Vist,Skaraborgs
Vist,Östergötlands
Vistorp,Skaraborgs
Vitaby,Kristianstads
Vitsand,Värmlands
Vittangi,Norrbottens
Vittaryd,Kronobergs
Vittinge,Västmanlands
Vitträsks kbfd,Norrbottens
Vittsjö,Kristianstads
Vittskövle,Kristianstads
Vollsjö,Skåne
Vomb,Skåne
Voxna,Gävleborgs
Voxtorp,Kalmar
Vrå,Kronobergs
Vram,Kristianstads
Vrem,Västra Götalands
Vrena,Södermanlands
Vreta kloster,Östergötlands
Vrigstad,Jönköpings
Vuollerim,Norrbottens
Vuollerims kbfd,Norrbottens
Yllestad,Skaraborgs
Ysane,Blekinge
Ysby,Hallands
Ystad,Skåne
Ystads garnisonsförsamling,Skåne
Ystads Sankt Petri,Skåne
Ytterby,Västra Götalands
Yttergran,Uppsala
Ytterhogdal,Jämtlands
Ytterjärna,Stockholms
Ytterlännäs,Västernorrlands
Ytterselö,Södermanlands
Yxnerum,Östergötlands
Voxtorp,Jönköpings
